user_id,track_name,artist,genre,rating
User001,Riptide,Viva La Panda;Miss Mathilda,deep-house,1
User001,Wrecked,Imagine Dragons,rock,1
User001,Twenty,Farzad Golpayegani,iranian,3
User001,1001 Nights,Jay Daniel,detroit-techno,2
User001,Can't Stop Me Now,Oh The Larceny,blues,2
User001,Sun Goes Down (feat. Jasmine Thompson) - Radio Mix,Robin Schulz;Jasmine Thompson,german,2
User001,Heatwave (feat. Akon),Robin Schulz;Akon,deep-house,1
User001,Lamb of God,Vertical Worship,world-music,5
User001,Não Demora,Coral Voice Soul;Raphael Dias,groove,1
User001,The Logical Song - Remastered 2010,Supertramp,piano,5
User001,Hopelessly Coping - Hanami Remix,Wilkinson;THABO;René LaVice,drum-and-bass,4
User001,Rice & Peas,Chi Ching Ching,j-dance,1
User001,"Arabic Kuthu - Halamithi Habibo (From ""Beast"")",Anirudh Ravichander;Jonita Gandhi,hip-hop,1
User001,Can't Help Falling In Love - Piano & Cello,Benny Martin;The Wong Janice,disney,1
User001,Souvenirs d'un autre monde,Alcest,black-metal,2
User001,孤身走我路,Anita Mui,cantopop,2
User001,Uusi Kurja Maailma,Sielunvihollinen,black-metal,5
User001,The Old Man,Phil Coulter,new-age,5
User001,Was It All Worth It - Remastered 2011,Queen,rock,1
User001,Spoonful,Howlin' Wolf,acoustic,5
User001,The Willing Host,His Hero Is Gone,grindcore,2
User001,Boy In The Bubble,Alec Benjamin,electro,5
User001,Devilman No Uta,Kensuke Ushio,anime,4
User001,Incarceration State,Magrudergrind,grindcore,2
User001,Dr. Feelgood,Nostalgique,study,4
User001,Han Är Kung,Eva Eastwood,rockabilly,5
User001,Direto de Camaçacity,Afrocidade,afrobeat,3
User001,Maggot,Insult,grindcore,1
User001,Carro Bicho 2,Major RD;Rock Danger;Raffé;El Lif Beatz,brazil,2
User001,Stitches,Filip Nordin,acoustic,4
User001,Noche Sensorial,Esteman,alt-rock,3
User001,That Light,Horace Andy,dub,3
User001,Funkin' for Jamaica,Tom Browne,disco,2
User001,Pappy,Ugly Valley Boys,goth,2
User001,DOA [Feat. Joyner Lucas],I Prevail;Joyner Lucas,metalcore,3
User001,Starships - Clean Lyrics,Kids Rock Kidz,kids,1
User001,Parasite,Electric Callboy,metalcore,1
User001,Dois Covardes - Ao Vivo,Henrique & Juliano,sertanejo,4
User001,Lyckost,Eva Eastwood,rockabilly,1
User001,De Pisadinha em Pisadinha,Paulo Pires,forro,3
User001,Bora,Washington Brasileiro,forro,3
User001,Protection,Alcest,black-metal,5
User001,Idolatria,Menor MC,funk,3
User001,アイリス,Eir Aoi,anime,1
User001,まっしぐら恋心,夜光性アミューズ,j-idol,4
User001,Sång i buss på villovägar 2007,Håkan Hellström,goth,5
User001,A Stupid Question,Archagathus,grindcore,1
User001,Don't Stay,Linkin Park,grunge,4
User001,Tico-Tico no Fubá,Orquestra Brasileira de Música Jamaicana,afrobeat,1
User001,Я милого узнаю по походке,Алёша Димитриевич,romance,5
User002,Bir Dünya Arıyorum,Kramp,psych-rock,5
User002,Barrio pobre,Nelly Omar,tango,3
User002,You Don't Care At All,KAYDEN,sad,5
User002,Be True To Your School - Remastered,The Beach Boys,psych-rock,2
User002,Weltmeister werden wir in diesem Jahr,Tobee,disco,1
User002,Make It Easy On Yourself,Gail Blanco,acoustic,1
User002,Sylvia: Pizzicato,Léo Delibes;Slovak Philharmonic;Ondrej Lenard,opera,2
User002,Ninho de Rato,Surra,death-metal,3
User002,Para Com Esse Papo - Ao Vivo,Akatu;Grupo Revelação,samba,1
User002,Stand By Me - Remastered,Ben E. King,rock-n-roll,2
User002,I Ain't Worried,OneRepublic,piano,1
User002,"Pootham Varunnedi (From ""Pathonpatham Noottandu"")",Sayanora Philip,malay,4
User002,Demoliendo Hoteles,Charly García,alt-rock,3
User002,Du willst mir an die Wäsche,Jennifer Rostock,german,4
User002,Size Seven Round (Made of Gold) (with Lacy J. Dalton),George Jones;Lacy J. Dalton,honky-tonk,3
User002,Rise Up,K Lion,dancehall,2
User002,The music is rising,Neophyte;The Stunned Guys,happy,3
User002,Ulayaw,Elise Ryen,sleep,3
User002,Waltzing Back,No Vacation,garage,2
User002,Self,American Head Charge,industrial,3
User002,Aynalı Kemer,Barış Manço,psych-rock,1
User002,Bitter Sweet Symphony - Remastered 2016,The Verve,alt-rock,5
User002,Bed Of Roses,Bon Jovi,metal,2
User002,Whenever I Call You Friend (Glee Cast Version),Glee Cast,club,5
User002,デッドマンズチェイス,go!go!vanillas,j-rock,2
User002,Meri Tarah,Jubin Nautiyal;Payal Dev,k-pop,2
User002,Wir fahren weit wir trinken viel,Mike Nüchtern;Killermichel,party,4
User002,Amber Mote,Full Of Hell,grindcore,4
User002,Wasted Love (feat. Lagique),Ofenbach;Lagique,edm,3
User002,CHUSAMBA,Emiway Bantai,hip-hop,5
User002,Malón Mestizo,Malon,heavy-metal,2
User002,Dumb Kennedy's,Ralphie May,comedy,3
User002,Viez auf Hawaii,Franco Piccolini;Luigi Ferrari,party,1
User002,And No Matches,Scooter,happy,2
User002,Bottoms Up,Quinn Golden,blues,1
User002,La Femme Accident - 12'' Version,Orchestral Manoeuvres In The Dark;Tom Lord-Alge,synth-pop,3
User002,Cuida de Mim,Gabriela Rocha,gospel,4
User002,Las Bodas de Luis Alonso,Guitarras de Luna,guitar,3
User002,Do You Really Want To Hurt Me,Culture Club,synth-pop,1
User003,John & Jill,Kikki Danielsson,swedish,5
User003,Botellas,Panteon Rococo,ska,3
User003,Inocente Pobre Amigo,Panteon Rococo,ska,2
User003,Dilbar Dilbar,Alka Yagnik,k-pop,4
User003,Affront Final,Akitsa,black-metal,4
User003,Honey and the Sunlight,Boss Axis,minimal-techno,4
User003,Shalalie (Original Happyhardcore),De Mosselman,happy,2
User003,The Prowler,Daniel Pemberton,british,3
User003,Balancing,Dan Gibson's Solitudes,new-age,2
User003,Highway Don't Care,Tim McGraw;Taylor Swift;Keith Urban,country,2
User003,FAST LAND,Moderat,minimal-techno,5
User003,Walking By Myself,Jimmy Rogers,acoustic,5
User003,En Cero,Yandel;Sebastian Yatra;Manuel Turizo,latin,3
User003,Franklin's Tower - Live; 2008 Remaster,Grateful Dead,psych-rock,5
User003,Surma,Aamir Khan;6n,folk,4
User003,Ridiculous Wobble,Bassnectar;Nibu,breakbeat,5
User003,Goin' Steady,Faron Young,honky-tonk,4
User003,O Khuda,Amaal Mallik;Palak Muchhal,pop-film,3
User003,Kemuri,DJ Krush,trip-hop,2
User003,Pennies From Heaven (Remastered),Inner City,detroit-techno,2
User003,ABC,The Jackson 5,soul,5
User003,Sloop De Bleumkes,Szeukers,hardstyle,4
User003,Echte Fründe - Remake '97,Höhner,party,1
User003,Un peu de patience,Louise Attaque,french,1
User003,Worlds Apart,Ash,electronic,1
User003,"12 Variations in C Major on ""Ah, vous dirai-je Maman"", K. 265: 11. Variation X",Wolfgang Amadeus Mozart;Danielle Laval,classical,2
User003,Can You Pay?,Paul Woolford;Pessto,deep-house,2
User003,Rainy Relaxation,Nature Sounds,sleep,4
User003,Tha Real Disco,Mike Dunn,chicago-house,5
User003,Cupid Shuffle (New Style),Cupid,kids,1
User003,Şimdi Biraz Uyu,Suzan Hacigarip,singer-songwriter,4
User003,Felicita,Lasse Stefanz,ska,4
User003,Calamatraca (ÀTTØØXXÁ Remix),BaianaSystem;ÀTTØØXXÁ,afrobeat,5
User003,How Would You Feel (Paean),Ed Sheeran,pop,4
User003,Quiero Compartir,Joan Sebastian,r-n-b,5
User003,Geçti Dost Kervanı,Barış Manço,psych-rock,3
User004,Compañera,Haze;Lorena Fernández,happy,1
User004,Kadhal Oviyam,Sujatha,malay,1
User004,South Of Heaven,Slayer,death-metal,5
User004,Me Ensine a Caminhar,Juninho Black,groove,3
User004,Journey to Fade,Shivered,iranian,3
User004,If The Truth Be Known,Napalm Death,grindcore,1
User004,Looking For Something,CASTLEBEAT,garage,3
User004,Tudo Vai Passar,Gabriel Brito,gospel,4
User004,"Intro (feat. Longus Mongus, Monk & Ion Miles)",BHZ;Longus Mongus;Monk;Ion Miles,german,2
User004,Disritmia,Zeca Baleiro,mpb,4
User004,pagadoff,!nvite,study,1
User004,War Zone,Unknown Brain;M.I.M.E,edm,3
User004,Remember the Day,Shoshana Bean,show-tunes,5
User004,Fault,Astronoid,black-metal,2
User004,"Não, Não Para",Henry Freitas,forro,5
User004,Otro Planeta,Kevin Martes 13,latino,1
User004,The Morning After,NTO,electronic,3
User004,Flight of the Comet,Larry Heard,chicago-house,5
User004,Vai Ser Só no Fodi Fodi,Dj Tg Da Inestan;Mc Gw;DJ Ws da Igrejinha;Mc Morena;MC Fahah;MC Rkosta,funk,5
User004,Peaceful Patterns - Yoga Version,Hatha Priya,sleep,2
User004,Xerrox Sans Retour,alva noto,idm,2
User004,Lockdown,Koffee,dancehall,3
User004,FLY,Tokyo Machine,j-dance,2
User004,Den som ser havet,Jonas Lundqvist,goth,5
User004,Mar y cielo,Luz Casal,spanish,5
User004,Under a Glass Moon,Dream Theater,classical,1
User004,Onde Você Mora? (Acústico),Cidade Negra,mpb,5
User004,Tumse Bhi Zyada,Pritam;Arijit Singh,indian,3
User004,Sana Mani Yar,Rashid Beibutov,romance,4
User004,Augen auf!,OOMPH!,industrial,1
User004,Weight On Me,Sheff G;Sleepy Hallow,r-n-b,1
User004,Plastik,Say Yes Dog,synth-pop,3
User004,Ain't No Love,Dark Thoughts,garage,3
User004,House of Cards,Leftover Salmon,bluegrass,2
User004,SENSITIVE,Tisoki;Charity Vance,dub,1
User004,Shadow (Maceo Plex Remix),Maceo Plex;Chromatics,deep-house,2
User004,Overgrowth,Wormwood,black-metal,5
User004,Die Die Die,The Spits,garage,1
User004,Me & Mr Jones,Amy Winehouse,british,1
User004,Fatalmente,Rodriguinho,pagode,4
User004,We're Finally Landing,Home,chill,1
User004,Ready For War,Rogue Zero,hardstyle,5
User004,İHTİRAS,Şam,turkish,2
User004,24 Horas de Amor,Bruno & Marrone,sertanejo,2
User004,Paalappoo,Najim Arshad,malay,4
User004,Off Screen,VNV Nation,industrial,5
User004,Billie Jean,The Civil Wars,acoustic,2
User005,Me Da Pena Confesarlo,Carlos Gardel,tango,5
User005,Chame a Deus - Ao Vivo,Novo Som;Catedral,gospel,5
User005,Alph Lauren,Alpha Wann,french,4
User005,We Outside,Olamide,dancehall,2
User005,Esqueminha - Cê É Doido,Israel Novaes,forro,5
User005,Dream Dust - Radio Edit,Frontliner,hardstyle,2
User005,Skiptracing,Mild High Club,garage,3
User005,House Fever - Duane Bradley Remix,Inner City,detroit-techno,4
User005,Me Deixa Beber,Bom Gosto,pagode,3
User005,Kom igen Lena (Live),Håkan Hellström,goth,4
User005,Salt Lamp,Jobii,study,5
User005,第一次愛的人,Cyndi Wang,mandopop,4
User005,dancing in the kitchen,Zachary Knowles,chill,1
User005,The Nervous Rocks,Toys That Kill,power-pop,2
User005,Shinzo wo Sasageyo! - TV Size,Linked Horizon,anime,2
User005,Cara Dura,David Pabon,salsa,1
User005,Blaze Of Glory,Jon Bon Jovi,hard-rock,3
User005,MyLoveILove,Bogdan Raczynski,idm,1
User005,Bond Solid - Mixed,Robert Hood,detroit-techno,5
User005,In My Head,Larry Gaaga;Patoranking,dancehall,5
User005,Postal,Kapanga,ska,2
User005,3-Way (The Golden Rule),The Lonely Island;Justin Timberlake;Lady Gaga,comedy,5
User005,Gombal,Tipe-X,ska,2
User005,Jazz,Mike Oldfield,new-age,1
User005,If You're Happy and You Know It - Clap Your Hands,Zouzounia,children,1
User005,"Pathala Pathala (From ""Vikram"")",Anirudh Ravichander;Kamal Haasan,hip-hop,1
User005,Summer of Farewells - From Up On Poppy Hill (Vocals by Aoi Teshima),Satoshi Takebe,anime,2
User005,"If I Ever Fall In Love Again - From ""The Crooked Mile""",Sarah Brightman,opera,1
User005,Rossija,Nadezhda Kazantseva,romance,1
User005,"Yaar Azhaippadhu - From ""Maara""",Ghibran;Sid Sriram,pop-film,3
User005,دمادم Incessant (Baaroot Remix),Baaroot,iranian,1
User005,Fiddle Tune Medley: Big Sciota / Acorn Hill / Anna Livia,Scott Nygaard,bluegrass,5
User005,The Mirror,Crypsis,hardstyle,2
User005,THATS WHAT I WANT (Acoustic),Adam Christopher,acoustic,3
User005,Паки пуси,Poshlaya Molly,electronic,4
User005,Clichê - Live,Sorriso Maroto,pagode,2
User005,痴心的一句 - 電影「瘋狂遊戲」主題曲,Kenny Bee,cantopop,5
User005,Marianne,Lawineboys,happy,2
User006,Durdur Beni,Sagopa Kajmer,turkish,5
User006,The Rain Song - Remaster,Led Zeppelin,hard-rock,4
User006,Tesouro,Purples,groove,2
User006,blue,keshi,chill,4
User006,Nessun Dorma,Giacomo Puccini;HAUSER;Robert Ziegler;London Symphony Orchestra,opera,4
User006,Where Dead Things Roam Free,Eternal Helcaraxe,black-metal,2
User006,pouring outside,dyl dion,chill,1
User006,Yesuve En Nadhane,Franco,malay,1
User006,I Never Wanted Love,Shannon & The Clams,garage,4
User006,Tú Me Haces Falta,Eddie Santiago,salsa,3
User006,Nele Vou Confiar,Kemuel,groove,4
User006,Sirwana,Los Apus,guitar,4
User006,Vandals,Dirtyphonics,drum-and-bass,4
User006,Resistir,Helker,heavy-metal,1
User006,Juras de Amor - Ao Vivo,Bruno & Marrone,sertanejo,1
User006,Have Some Fun - Radio Mix,Deekline;Ed Solo;General Levy,breakbeat,1
User006,I Ran (So Far Away),A Flock Of Seagulls,synth-pop,4
User006,Gaston,Josh Gad;Luke Evans;Ensemble - Beauty and the Beast,show-tunes,3
User006,Ángel De La Mañana,Los Yorsy's,rock-n-roll,1
User006,Picture (feat. Sheryl Crow),Kid Rock;Sheryl Crow,metal,2
User006,Das Bin Ich,Spotlight Musicals;Sabrina Weckerlin;Christoph Jilo;Dennis Martin,show-tunes,2
User006,LA INOCENTE,Mora;Feid,latino,2
User006,Two Is Better Than One (feat. Taylor Swift),Boys Like Girls;Taylor Swift,punk-rock,5
User006,Bela Gelir Bulur Bizi,Sayedar;Önder Şahin,turkish,4
User006,Song for the Summer,Morgan Evans,country,2
User006,Nu när tystnaden ska flytta in,Wilmer X,ska,4
User006,Gold Plated,Stratotune,study,2
User006,Head Shoulder Knees and Toes,CoComelon,children,3
User006,Million Miles,Mark Sixma,progressive-house,4
User006,Keep Talking,Pink Floyd,psych-rock,2
User006,Cúcala - Live,Fania All Stars;Celia Cruz;Ismael Rivera,salsa,1
User006,I Thought We Knew Each Other,British India,garage,4
User006,Kaboom,George Salazar;Joe Iconis,show-tunes,5
User006,Tools of Demolition,Dither;MC Focus,idm,1
User006,Sunsick,Bennett Coast,chill,1
User006,Broke,Samm Henshaw,british,5
User006,Afroman,Plastilina Mosh,afrobeat,1
User006,Let Go,Stanton Warriors;Keith Thompson,breakbeat,1
User006,Yarabbim,Orhan Gencebay,turkish,2
User006,"Piano Concerto No. 19 in F Major, K. 459: I. Allegro vivace",Wolfgang Amadeus Mozart;Ingrid Haebler;London Symphony Orchestra;Witold Rowicki,classical,2
User006,500天,Sophie Chen,mandopop,4
User006,Coração Piriguete,Kevi Jonny,forro,4
User006,Dominamo Memo,Bruno & Barretto,sertanejo,4
User006,"Уральская рябинушка (Ой, рябина кудрявая)","Группа ""Загадка""",romance,2
User006,Remembrance,Balmorhea,ambient,4
User006,Sunqullay,William Luna,guitar,1
User006,純真傳說,Aaron Kwok,cantopop,2
User006,Rest In Power,Hanumankind;Kalmi,malay,4
User007,Turn Back The Clock,Johnny Hates Jazz,synth-pop,4
User007,Thrasher's Abattoir,Carcass,grindcore,3
User007,Git Cho House On (Children) - MD BlackBall Main Mixx,Mike Dunn;MD X-Spress,chicago-house,4
User007,Range,Robert Hood,chicago-house,3
User007,I Know U Want Me,Mavado,j-dance,4
User007,Repetitious (Zamaangard),Baaroot,iranian,5
User007,"Tosca / Act I: ""Ed io venivo a lui tutta dogliosa""",Giacomo Puccini;Katia Ricciarelli;Ruggero Raimondi;Berliner Philharmoniker;Herbert von Karajan,opera,4
User007,Pink Noise - Mid Frequency Loop,Brainbox,sleep,2
User007,Wenn ich du wäre,Montez,german,2
User007,bright nights,Wenight,study,3
User007,Loopable Brown Noise,Ocean Sounds;Ocean Waves For Sleep,sleep,2
User007,"Ограбление банка - Из т/с ""Бюро счастья""",Виктор Лебедев;Оркестр Ленинградского института культуры,romance,1
User007,Dance the Body Music,Osibisa,afrobeat,5
User007,Loose Talk,Carl Smith,honky-tonk,5
User007,Eradicate,Shivered,iranian,1
User007,De Cada Vez,Sandy;Agnes Nunes,mpb,3
User007,Úlfur,Sólstafir,black-metal,1
User007,Brilliant Clouds,Max Richter,ambient,1
User007,É O Que Me Interessa - Ao Vivo,Lenine,mpb,5
User007,Nicotine,Blazy,trance,4
User007,Love Inc,Booka Shade,minimal-techno,5
User007,Donde Estas,Tony Vega,salsa,5
User007,A Festa Do Santo Reis,Tim Maia,mpb,2
User007,Fally Ranking,Johnny Osbourne,dancehall,1
User007,For Tammi,Gary Stadler,new-age,5
User007,Gave It,Moneybagg Yo;Big Homiie G,hip-hop,1
User007,Corporate Slave,Snog,industrial,2
User007,The Black,Asking Alexandria,metalcore,1
User007,Moist Vagina - 2013 Mix,Nirvana,grunge,5
User007,secret base ~君がくれたもの~ (10 years after Ver.),本間芽衣子（CV.茅野愛衣）;安城鳴子（CV.戸松 遥）;鶴見知利子（CV.早見沙織）,j-pop,1
User008,Jonake Bisare Ki,Papon,folk,4
User008,¿Por Que No Se Van? (En Vivo),Los Prisioneros,hardcore,1
User008,Deja Ya de Mentir,Inspector,ska,5
User008,Por Más Que Intento - Balada,Gilberto Santa Rosa,salsa,2
User008,Kaalam - Hope Project,Job Kurian,malay,5
User008,I Adore You,Goldie;Ulterior Motive;Natalie Williams,drum-and-bass,5
User008,Krishna (feat Ankit Sharda),Omiki;Planet 6;Ankit Sharda,trance,1
User008,Dirty Streets,Nostalgique,study,5
User008,Good Night,Oatmello;Late Era,chill,1
User008,008 B1,ONYVAA,detroit-techno,4
User008,Be Okay,Namic;Marmy,deep-house,5
User008,Christmas In My Heart,Sarah Connor,german,5
User008,Dirtygrrrls/Dirtybois,Faderhead,industrial,5
User008,Dark Skies,Alison Krauss,bluegrass,3
User008,Malaika,Boney M.,disco,3
User008,Broken Glass,The Crystal Method,breakbeat,2
User008,River Styx,Black Rebel Motorcycle Club,garage,3
User008,Sweet Emotion,Aerosmith,hard-rock,2
User008,Angekkal Vere Onnineyum,Wilson Piravom,malay,3
User008,Ekhon Onek Raat,Anupam Roy,indian,4
User008,Lluvia de Abril,Miguel Calo;Raul Iriarte,tango,2
User008,Love Unlimited,S.P.Y,drum-and-bass,3
User008,Para de Falar Tanta Besteira,Exaltasamba;Rodriguinho,samba,4
User008,В крови горит огонь желанья,Sergei Lemeshev,romance,3
User008,moon and back,JVKE,indie-pop,1
User008,CLTR SHCK,The Prophet,happy,1
User008,Destroy Everything You Touch,Ladytron,synth-pop,4
User008,Boyfriend (Moonlight Version),Flower,j-idol,5
User008,Don't Fall In Love With A Dreamer,Kenny Rogers;Kim Carnes,country,5
User008,Pina Colada - NEZS Remix,Adoo;NEZS Beats,goth,1
User008,Who Took The Merry Out Of Christmas,The Staple Singers,soul,1
User008,Kill For You,Skylar Grey;Eminem,piano,5
User008,White Noise Traffic Sounds,White Noise for Babies,sleep,2
User008,Cinta Semestinya,Last Child,punk-rock,5
User008,Obvious (feat. Muni Long),Craig David;Muni Long,british,3
User008,Brown Noise For Sleep 8,Granular,sleep,2
User008,Coytada,Linn da Quebrada,club,3
User009,My Heart Will Go On - Acoustic,Agustín Amigó,guitar,2
User009,Muax,Rabbit Mac,malay,3
User009,Shadows Inside,Miss May I,death-metal,3
User009,Beep! Beep! Buckle Up!,The Wiggles,children,2
User009,Phatak Kotakpure Da,Didar Sandhu;Amar Noorie,folk,4
User009,Sin Tu Latido - En Directo,Luis Eduardo Aute,spanish,5
User009,Jardins Da Babilônia,Rita Lee;Roberto De Carvalho,mpb,3
User009,Torch - Extended Version,Soft Cell,synth-pop,5
User009,What's Good for the Goose,Omar S;Supercoolwicked,detroit-techno,5
User009,Crush On You - Remix,Lil' Kim;Lil' Cease,alternative,1
User009,Liloa's Mele - Grandson's Lullaby,Sonny Chillingworth,guitar,5
User009,Estilo Capa Loka,Pisadinha do Vaqueiro,forro,3
User009,Cuando Me Vaya (feat. Natalia Jiménez),Melocos;Natalia Jiménez,spanish,1
User009,Hay Cráneo,Bobby Valentin,salsa,2
User009,Caught Short,Andy Parsons,comedy,3
User009,Hearts Burst into Fire,Bullet For My Valentine,metalcore,1
User009,abc (nicer),GAYLE,alternative,1
User009,Khayaal,Arijit Anand;Ankita Barwad,indian,5
User009,Nightglow - 崩坏3印象曲,Tanya Chua,mandopop,2
User009,Malokeiro Vencedor,Mc Kanhoto;Dj Victor,funk,3
User009,Can't Take My Eyes Off You,DJ Ötzi,party,3
User009,Abc Song (Dance Version),Mother Goose Club,children,5
User009,Bender,Sevendust,industrial,2
User009,This Is Our God,Hillsong Worship;Reuben Morgan,world-music,3
User009,The Dying Light - Winter Edit,Sam Fender,indie,2
User009,Jaana,Ritviz;Karan Kanchan,edm,3
User009,Nascente / Mel na Minha Boca / Quando a Gente Ama,FM O Dia;Gustavo Lins;Belo;Dilsinho,pagode,5
User009,HOWEVER,GLAY,j-pop,4
User009,Vaarayo Vaarayo,Harris Jayaraj;Unnikrishnan;Chinmayi;Mega,pop-film,3
User009,Engiruntho Vanthaan,Sirkazhi Govindarajan,classical,1
User009,Eu Digo Sim,Matheus Balo,brazil,1
User009,Think (About It) - Spen & Thommy’s House Party Mix,Barbara Tucker;DJ Spen;Thommy Davis,chicago-house,4
User010,Stand in Place and Move,Mark D. Pencil,kids,1
User010,Good Goodbye (feat. Pusha T and Stormzy),Linkin Park;Pusha T;Stormzy,alternative,1
User010,Fake Drop,The Sickest Squad;Andy the Core,happy,3
User010,At What Cost,Alec Troniq,minimal-techno,2
User010,去信和賣碟,my little airport,cantopop,3
User010,Sacrificial,Rezz;PVRIS,electronic,2
User010,訣愛 (劇集《蒼蘭訣》片頭曲),詹雯婷,singer-songwriter,4
User010,Bibbidi-Bobbidi-Boo (The Magic Song) - Soundtrack,Verna Felton,disney,5
User010,Creo en Ti,Rubén Blades,salsa,4
User010,Great Forgiver,Chris Tomlin,world-music,5
User010,Vida Bandida,Lobão,punk-rock,1
User010,Ciclo Solar,Universo,sleep,1
User010,Te Quero Pra Mim,Edson & Hudson,pagode,1
User010,紅色高跟鞋,Tanya Chua,mandopop,2
User010,Derecho Viejo I,Julio De Caro,tango,5
User010,Eat the Meek,Frank Turner,acoustic,1
User010,I Can't Feel My Face,The Smith Street Band,garage,3
User010,さ~ゆ~Ready?,Nogizaka46,j-idol,5
User010,Never Loved You At All,Parker McCollum,country,5
User010,Bailar (feat. Pitbull & Elvis Crespo),Deorro;Pitbull;Elvis Crespo,progressive-house,2
User010,4 to the Floor (feat. Nikol Apatini),HUGEL;Stefy De Cicco;Hugo Cantarra;Nikol Apatini,deep-house,4
User010,Party At My House,Frankie Knuckles,chicago-house,2
User010,Blitzkreuz,Callejon,metalcore,1
User010,Covered Bridges,Kitchen Dwellers,bluegrass,3
User010,40 Graus / Gamei / Azul Sem Fim / Até o Sol Quis Ver / A Carta - Ao Vivo,Péricles,pagode,3
User010,Mejor No Hablemos De Amor,Los Enanitos Verdes,ska,1
User010,Los Amigos No Se Besan,Diego Herrera,r-n-b,3
User010,CONCRETE JUNGLE,Bad Omens,metalcore,2
User010,Pra Te Conquistar,Pique Novo,pagode,2
User010,El Secreto de las Tortugas - Version 2010,Maldita Nerea,spanish,1
User010,Asteapta-Ma Dincolo (De Moarte),Bucovina,black-metal,3
User010,Body Language,Vybz Kartel,j-dance,5
User010,Suffer to Death,Burgerkill,death-metal,4
User010,Enlightment,Totalselfhatred,black-metal,5
User010,The Drive Home,Jeff Mills,detroit-techno,2
User010,Siyah,Abdul Hannan;BAIG,indie-pop,2
User010,I'll Just Call You Darling,Ernest Tubb;Loretta Lynn,honky-tonk,2
User010,What's Love Got to Do with It,Tina Turner,disco,2
User011,Kadınlar,Hidra,turkish,1
User011,Baking Cookies,Blake Rules;Netherfriends,kids,2
User011,Total Invasion - Remastered,Killing Joke,industrial,3
User011,Vida Eu Gosto De Você,Maneva,brazil,4
User011,Nyári séta,Bodor Vencel,piano,2
User011,Mental Field Trip,"Sarah, the Illstrumentalist",study,3
User011,Mallotze (Zeigt mir eure Hände),Schürze,party,2
User011,Gästeliste + 10,Musso,german,1
User011,Toca na Rocha,Trazendo a Arca,groove,4
User011,Kuch Soona Sa Hai,Ayush Panda,indian,1
User011,River Flows In You - Piano & Cello,Benny Martin;The Wong Janice,disney,4
User011,No chętnie - Radio Edit,Dejw,disco,2
User011,Saved Forever (C2 Mix) / Let Me Tell You Something (Sandy Rivera & C. Castel's Accapella),Terrence Parker;Kings Of Tomorrow,detroit-techno,2
User011,サディスティック・スイーツ,夜光性アミューズ,j-idol,4
User011,La Señal,Pepe Jara,guitar,3
User011,Wolkenflieger,Frank Neuenfels,disco,3
User011,Slave of this Soil,Beshenitar,iranian,2
User011,Ruben Patagonia,Almafuerte,heavy-metal,2
User011,Derê / Vício / Nuvem - Ao Vivo,Belo,pagode,1
User011,TRUST!,JPEGMAFIA,industrial,2
User011,O Matuto Se Apaixonou (Versão Grave),Os Barões Da Pisadinha,forro,4
User011,Ms. Phenomenal,RADWIMPS,emo,3
User011,Have a Cigar,Pink Floyd,psych-rock,3
User011,Veilinghallen,Dither;Da Mouth of Madness,idm,1
User011,"A State Of Trance (ASOT 1090) - Track Recap, Pt. 3",Armin van Buuren,progressive-house,3
User011,Joko & Klaas,Das Lumpenpack,ska,3
User011,夠鐘,Pakho Chau,cantopop,5
User011,Bars No Jutsu,Louis Capone,anime,4
User011,"Symphony No. 5 in B flat, K.22: 3. Allegro molto",Wolfgang Amadeus Mozart;Academy of St. Martin in the Fields;Sir Neville Marriner,classical,5
User011,We Had Today,Rachel Portman,british,3
User011,Devoured Alive,Mortician,grindcore,1
User011,Be Someone,KVSH;Schillist;Ray X Ben,brazil,1
User011,Heart-Shaped,Lovely Rascals,study,3
User011,Jazz Suite No. 2: VI. Waltz 2,Dmitri Shostakovich;Russian State Symphony Orchestra;Dmitry Yablonsky,ambient,2
User011,El Final del Túnel,Green Valley,spanish,5
User011,"Deus Tremendo (feat. Vanilda Bordieri, Eliane Silva, Lydia Moisés, Suelen de Jesus, Célia Sakamoto, Elaine Martins & Shirley Carvalhaes) - Ao Vivo",Elaine de Jesus;Vanilda Bordieri;Eliane Silva;Lydia Moisés;Suelen de Jesus;Célia Sakamoto;Elaine Martins;Shirley Carvalhaes,gospel,3
User011,Believe The Innocence - Original Mix,The Prophet,happy,1
User011,Festa no Interior,Manim Vaqueiro;Raí Saia Rodada,forro,1
User011,I'm Breathing,Jet Black Stare,grunge,5
User011,Swad Kutde,The Landers,hip-hop,4
User011,So Good (feat. Ty Dolla $ign),Zara Larsson;Ty Dolla $ign,swedish,3
User011,FWYTYK,I Prevail,metalcore,3
User011,The Dark Battlefield,Graveland,black-metal,4
User012,The People of the Forest,The Sorcerers,afrobeat,5
User012,Atlantis Is Calling (S.O.S. for Love),Modern Talking,synth-pop,1
User012,Chevaux,Tony O'Connor,new-age,4
User012,Stay Alive,José González,folk,5
User012,Stomp Me Out,Bryce Fox,blues,2
User012,Ahnonghay - Original Reese Mix,Inner City,detroit-techno,3
User012,Zindagi Ne Zindagi Bhar Gham Diye - Lofi Remix,Omix Music,indian,1
User012,Public Privacy,Jon Reep,comedy,4
User012,Voso,Willie Colón,salsa,1
User012,"Blah, Blah, Blah",Guns n' Wankers,hardcore,5
User012,Saudade da Danada,Japãozin,forro,5
User012,Inte skyldig nån nåt,Håkan Hellström,goth,2
User012,Cheshme (feat. L Jorgensen),Leila Bela;L Jorgensen,iranian,3
User012,Love Will Get You There,Inhaler,dub,4
User012,100 Degrees in the Shade,Breaking Grass,bluegrass,1
User012,A Pesar La Vida,Ocote Soul Sounds;Chico Mann;Quantic,afrobeat,3
User012,Main Pal Do Pal Ka Shair Hoon,Mukesh,pop-film,5
User012,Drachen im Wind,Rolf Zuckowski,children,3
User012,Together In Electric Dreams,The Human League,synth-pop,1
User012,"Verdi: Aida, Act 1:"" Sì, corre voce che l'Etiope ardisca"" (Ramfis, Radamès)",Giuseppe Verdi;Riccardo Muti;New Philharmonia Orchestra,opera,3
User012,Kal Ki Hi Baat Hai,Pritam;KK,indian,5
User012,Cut Me Off,Yxng Bane;D-Block Europe,dancehall,3
User012,Se Toca Essa Moda,Jads & Jadson,sertanejo,4
User012,Sura miner,Arvid Lundquist,goth,3
User012,Dream All Day,The Posies,power-pop,4
User012,Haureus,Ajattara,black-metal,3
User012,Good Life (Buena Vida) - Way Out West Vocal Mix,Inner City,detroit-techno,5
User012,"Gretchen am Spinnrade, D. 118 (Adapt. for Cello and Orchestra)",Franz Schubert;Camille Thomas;Brussels Philharmonic;Mathieu Herzog,classical,2
User012,"8 Variations on ‘Ein Weib ist das herrlichste Ding’ by B. Schack in F, K.613: 2. Variation I",Wolfgang Amadeus Mozart;Danielle Laval,classical,2
User012,Dance 2 Dj's,Mr. C,kids,4
User012,Half-Breed,Stephanie J. Block;Teal Wicks,show-tunes,4
User012,Sapato Velho - Ao Vivo,Roupa Nova,mpb,2
User012,Haven`t You Heard?,TJ Cream;Ozoro,afrobeat,5
User012,El Dia Que Me Quieras,Roberto Goyeneche,tango,5
User012,Try (feat. RØRY),MitiS;RØRY,dub,3
User012,It's a War,Trampled by Turtles,bluegrass,4
User012,Hurt,Johnny Cash,country,5
User012,Hidden Waterfall,White Noise Therapy,sleep,1
User012,What's the Deal,Supreme Beings of Leisure,trip-hop,3
User012,One Long Pair Of Eyes,Robyn Hitchcock & The Egyptians,power-pop,3
User012,Your Call,Secondhand Serenade,piano,2
User012,Last Thing on My Mind,Punch Brothers,bluegrass,4
User012,Kiss of Death but is it okay if it's lofi?,Kijugo,anime,5
User012,Kannuladha - The Kiss of Love,Anirudh Ravichander;Dhanush;Shruti Haasan,hip-hop,5
User012,Moonwalker,Fabvl,anime,3
User012,Traficante De Besos,Joan Sebastian,r-n-b,4
User012,Yo Quiero Vivir,Manuel Carrasco,latin,4
User012,Perfect World,Joe Smooth,chicago-house,4
User012,情未了,Christopher Wong;Vivian Chow,cantopop,2
User013,All on Me,Devin Dawson,country,4
User013,G13,Cinco;Josman,french,2
User013,寂寞沙洲冷,Steve Chou,mandopop,1
User013,Window Up Above,George Jones,honky-tonk,3
User013,Let's Live It Up,The Brian Setzer Orchestra,rockabilly,5
User013,獨一無二,AGA;Gin Lee,cantopop,5
User013,Make Great Mistaks,Secret Agent 23 Skidoo;MC Fireworks,kids,3
User013,Pain Collector,Darzamat,black-metal,1
User013,Mal Necesario,Alvaro Diaz;Joyce Santana;Deborah Blues,latino,2
User013,Кирпичики,Yuri Morfessi,romance,3
User013,Kid Velo,Rival Consoles,idm,2
User013,Como a Una Reina,Fernando Corona;Pancho Barraza,idm,2
User013,Quando o sol se for,Detonautas Roque Clube,alt-rock,2
User013,"It Might As Well Be Spring - Live At Carnegie Hall, NY / 1964",Stan Getz;Astrud Gilberto;João Gilberto,jazz,1
User013,X-Land,Alphaxone,iranian,1
User013,Backtrack,Faron Young,honky-tonk,2
User013,Ölelim Mi Beraber,TNK,turkish,4
User013,SkinTheBone,NothingNothingNothing,sad,5
User013,Chori Kiya Re Jiya,Sonu Nigam;Shreya Ghoshal,pop-film,1
User013,No Plans,Jason Mraz,acoustic,4
User013,Anh Nhớ Ra (feat. TRANG),Vũ.;TRANG,singer-songwriter,4
User013,Mir sin Kölsche,Brings,party,5
User013,天黑黑 - Remastered,Stefanie Sun,mandopop,2
User013,Daisychain,Mike Rowland,new-age,4
User013,The Satisfied Mind,DEVO,synth-pop,4
User013,Ein Stern (der deinen Namen trägt) - Party Mix,DJ Ötzi;Nik P.,party,4
User013,Watch Me Bleed,Tears For Fears,synth-pop,2
User013,Yalvarırım Affet,Kamuran Akkor,psych-rock,2
User013,@ my worst,blackbear,electro,1
User013,Peregrinação,Zeca Pagodinho,samba,1
User013,Jitter 0.5 - Original Mix,Orbit1,happy,4
User013,Take Me Home for Christmas,Dan + Shay,country,2
User013,He Said She Said,CHVRCHES,synth-pop,2
User013,A Jar of Legos,Breakfast For Brunch,study,5
User013,Feelings Like This,Jayke Orvis,goth,4
User013,Fall of Empire,Enemy Soil,grindcore,1
User013,Nilaavum,K. S. Harisankar,malay,5
User013,i...,nøll;Gina Livia;damnboy!,dub,2
User013,Only You (And You Alone),The Platters,r-n-b,1
User013,Fyll ditt sinn med kjærlighet,Heidi Ruud Ellingsen;Espen Grjotheim;Nils Jørgen Kaalstad;Anders Bye,disney,4
User013,Sunset - Joris Delacroix Remix,Oliver Schories;Joris Delacroix,minimal-techno,2
User013,Don't Wanna,Dead To Me,power-pop,4
User013,Doctor Doctor - 2007 Remaster,UFO,psych-rock,5
User013,Aladin - Original Mix,Mandragora;Devochka,trance,5
User013,Velocita' - Original mix,Massano,techno,5
User013,Pistensau,Jägermeister DJ Alex;Matty Valentino,party,3
User014,Fuck The Millennium,Scooter,happy,5
User014,Who Gives a Thought,Brian Eno,ambient,5
User014,Nadie Como Tú,Cyclo;Zarcort;Piter-G,spanish,4
User014,Perder para Encontrar,Benny,spanish,5
User014,CHRISTMAS TIME FOREVER,サザンオールスターズ,j-pop,4
User014,You & Me,Skrux,dub,2
User014,You Make Me Feel Like Dancing,Leo Sayer,disco,4
User014,Not Afraid,Eminem,hip-hop,4
User014,Gracefully Broken,Matt Redman;Tasha Cobbs Leonard,world-music,3
User014,Head Shoulder Knees and Toes,CoComelon,children,2
User014,Pour un infidéle,Cœur De Pirate,french,3
User014,Summer Holiday - 2003 Remaster,Cliff Richard & The Shadows,rockabilly,5
User014,Titli (Dubstep Version),Phoenyx;Zoheb Khan,folk,4
User014,I Can,Nas,hardcore,2
User014,... and We Thought That Nation-States Were a Bad Idea,Mad Caddies,ska,3
User014,Tenho,João Gordo,rockabilly,4
User014,Embody Me,Novo Amor,ambient,1
User014,Dutty Song Tuh - Remix,Jeff Fullyauto;Armanii,dancehall,3
User014,Tu No Sabes Nada,Jorge Acosta,folk,2
User014,Doe de Kanga,Kinderen voor Kinderen,children,3
User014,Game Of Pricks,Guided By Voices,power-pop,3
User014,lonewolf,convolk,emo,3
User014,Wonder Why - Get up Remix,Llorca;Sapele,trip-hop,5
User014,Follow the Crossed Line,The Agonist,death-metal,1
User014,Renkler (Sü),No.1,turkish,2
User014,Hand Of Blood,Bullet For My Valentine,metal,2
User014,Rocket Ride - Soulwax Rock It Right Remix,Felix Da Housecat;Soulwax,chicago-house,2
User014,Ando Meio Desligado,Pato Fu,alt-rock,4
User014,Yüksel,Motive,turkish,2
User014,Bubbles,Yosi Horikawa,idm,2
User014,The Beauty of Everyday Things,Hara Noda,jazz,1
User014,Displicente / Eu Nunca Amei - Ao Vivo,Tá Na Mente,pagode,4
User014,Tô pra Onda,Afrocidade,afrobeat,4
User014,Don't Let Our Love Die,David Puentez,progressive-house,3
User014,Replace You,Dead by April,metalcore,5
User014,A Doida (Ao Vivo),Seu Jorge,mpb,4
User014,My Life,Billy Joel,piano,4
User014,Nr. 1,Mia Julia,party,1
User014,Teri Dastaan,Jasleen Royal;Neeraj Rajawat,indian,2
User014,Straight Up,22 Void Beats;Sneaky Ollie;Peter Piffen,electronic,4
User014,Estrago da Saudade,Henry Freitas,forro,4
User014,Nashe Si Chadh Gayi,Vishal-Shekhar;Arijit Singh;Jaideep Sahni,pop,5
User014,Sternhagelvoll,Sabbotage,disco,1
User014,Rain Sound: Pouring,Rain Sounds XLE Library,sleep,5
User015,Lit Jim Hearre! - Radio Edit,De Doelleazen,happy,4
User015,Let Them All Talk,Elvis Costello & The Attractions,power-pop,1
User015,Tag ét skridt frem,Kristine Yde Eriksen,disney,3
User015,綠光,Stefanie Sun;Shen Darren,mandopop,3
User015,今天沒大麻在身,my little airport,cantopop,4
User015,Abhorrent Display,Avhath,black-metal,4
User015,Fredag,Thomas Järvheden,swedish,5
User015,Le cartable,Stupeflip;Hélène,french,5
User015,Pigs on the Wing 2,Pink Floyd,psych-rock,5
User015,Blue Night (Live),Hot Rize,bluegrass,2
User015,Odiosa Natureza Humana,Matanza,hard-rock,4
User015,イマジネーション,SPYAIR,anime,2
User015,Crying Days - 2000,Therion,black-metal,3
User015,Tudo é Possível - Ao Vivo,Fernandinho,brazil,4
User015,Johnny And Mary,Robert Palmer,disco,4
User015,"Pool, Averna y Papusa",Patricio Rey y sus Redonditos de Ricota,punk-rock,1
User015,The Death We Seek,Currents,death-metal,4
User015,Temple White,Ludovico Einaudi,ambient,3
User015,Moneytalks,AC/DC,hard-rock,4
User015,Hawaiian Chimes,Leonard Kwan;Rare Debut Recording;The Red Album;Slack Key Master;Slack Key Tunings,guitar,2
User015,Computerliebe (Auf St. Pauli...) - Mallorca Version,Lorenz Büffel;Sven Florijan,party,4
User015,words > numbers,Blue Boatz,study,2
User015,Unlucky,Lunar Vacation,garage,5
User015,Fio de Pumo (Padê Onã),Criolo,afrobeat,5
User015,Quiero Comenzar,Willie Gonzalez,salsa,1
User015,Hola Señorita,GIMS;Maluma,french,4
User015,Past Lives (Acoustic),creamy;Martin Arteta;11:11 Music Group,chill,5
User015,Present Without A Bow,Kacey Musgraves;Leon Bridges,country,5
User015,She's Always a Woman,Billy Joel,folk,1
User015,Scape I - Live,alva noto;Ryuichi Sakamoto,idm,1
User015,Lamadaya,Little Symphony,ambient,4
User015,Pouring Rain - Loopable with no fade,Meditation Spa;Rain Sounds;Best Relaxing SPA Music;Rain Sounds & Nature Sounds;Rainfall,sleep,2
User015,Deep Down (feat. Never Dull),Alok;Ella Eyre;Kenny Dope;Never Dull,electro,4
User015,Life to Go,Stonewall Jackson,honky-tonk,2
User015,Te Amo Tanto (Tanto Cara) - Ao vivo,Bruno & Marrone,sertanejo,1
User015,"Fever - Live at The Honolulu International Center, Hawaii January 14, 1973",Elvis Presley,rockabilly,3
User015,You're Gonna Be Ok,Bethel Music;Jenn Johnson,ambient,4
User015,Aysel,Ozbi;Gülce Duru,turkish,3
User015,Tin Pan Boy,YUNGBLUD,british,2
User015,Chorus: Hallelujah (Remastered 2014),Traditional;London Philharmonic Orchestra;The London Philharmonic Chorus,sleep,4
User015,Equalize - Ao Vivo,Pitty,hard-rock,3
User015,Não Dá Mais,Iguinho e Lulinha,forro,3
User016,"Wspaniały świat - z filmu ""Aladyn""",Marcin Franc;Natalia Piotrowska,disney,3
User016,Lucia di Lammermoor - Spargi d'amaro pianto,Gaetano Donizetti;Vincenzo Ciliberti,opera,4
User016,Kenikmatan Tersendiri,Utha Likumahuwa,j-pop,3
User016,"Where We Belong - From ""Hostiles"" Soundtrack",Max Richter;Air Lyndhurst Orchestra,ambient,1
User016,Abandono,Pedro Laurenz,tango,4
User016,What My Woman Can't Do,George Jones,honky-tonk,1
User016,Army Of Pigs!,Confess,iranian,5
User016,Wake Up Where You Are,State of Sound,deep-house,1
User016,愛情你比我想的閣較偉大 -《當男人戀愛時》電影主題曲,EggPlantEgg,mandopop,3
User016,Bad Boy,Yung Bae;bbno$;Billy Marchiafava,funk,2
User016,Pumped Up,Klingande,deep-house,1
User016,Aşk Mümkün Müdür Hala?,Levent Yüksel,j-pop,1
User016,Invoke the Machine,Avantasia,opera,1
User016,Pra Você - Ao Vivo,Novo Som,groove,2
User016,Wiggle It,Koo Koo Kanga Roo,kids,2
User016,I Don't Believe in Satan,Aron Wright,acoustic,1
User016,Daydreamer - Night Mix,KC Lights;Leo Stannard,deep-house,5
User016,Shapeshifter,Alessia Cara,electro,2
User016,Fogueira - Jorge & Mateus Elétrico,Jorge & Mateus,sertanejo,2
User016,Buon Viaggio (Share The Love),Cesare Cremonini,indie-pop,2
User016,"Dear My Friend,",Keung To,cantopop,4
User016,Pensando En Ti,Los Tecolines,guitar,1
User016,Safari Strut,Whitefield Brothers,afrobeat,5
User016,Feel the Beat,Damon Paul,minimal-techno,2
User016,California Blue,Roy Orbison,rockabilly,4
User016,Catch & Release - Deepend Remix,Matt Simons;Deepend,singer-songwriter,3
User016,Utopia (feat. Chris Jones),Within Temptation;Chris Jones,goth,3
User016,Losing Sleep,Curbi;Helen,progressive-house,2
User016,No compasso do criador,Katinguelê,pagode,5
User016,Pink Lemonade - feat. The Attire,AmPm;The Attire,j-dance,5
User016,Du sale (feat. Fresh LaDouille),Niaks;Fresh La Douille,french,1
User016,Pop Dip and Spin - Original Mix,Ron Trent,chicago-house,2
User016,每次你走的時分,my little airport,cantopop,3
User016,If Everyone Cared,Nickelback,grunge,1
User016,The Carnival of the Animals: Fossils (feat. Nina Flyer & Chie Nagatani),David Ogden Stiers;Chie Nagatani;Nina Flyer,disney,5
User016,Sun Lo Na (Raw),Suzonn,indian,1
User016,Tomei Vergonha,Unha Pintada,forro,3
User016,Are You Ready?,Papithbk,sad,5
User016,Never Again (Will I Knock On Your Door),Hank Williams,honky-tonk,4
User016,Keeper Of The Castle,Four Tops,disco,4
User016,Three Kingdom Love,TANK 呂建忠,mandopop,2
User016,EASY PREY,Moderat,minimal-techno,1
User017,2step,Ed Sheeran;Lil Baby,pop,2
User017,Real Bad Man,Beenie Man;Blakk Man,j-dance,1
User017,P.I.M.P. - HEDEGAARD Remix,HEDEGAARD,electronic,3
User017,Play With Fire,Oliverse,dub,5
User017,La Cinturita,La Sonora Matancera,salsa,1
User017,Up the Ladder,Town Mountain,bluegrass,5
User017,Cinta Semestinya,Last Child,punk-rock,1
User017,Libertação,Elza Soares;BaianaSystem;Virgínia Rodrigues,samba,3
User017,Deep In My Soul,D-Block & S-te-Fan,hardstyle,5
User017,ロックンロールは生きている,Mr.Children,j-pop,4
User017,Bitter Sweet Symphony - Remastered 2016,The Verve,alt-rock,3
User017,Final Evolution 2022,Øien,hardstyle,1
User017,Integral,Burgerkill,death-metal,5
User017,The Mass,ERA,new-age,3
User017,Sokak Güvercini,Stabil,turkish,1
User017,Alwayz Into Somethin',N.W.A.,hardcore,4
User017,Control,NORMANDY;Lynn Miller,acoustic,4
User017,Torna A Surriento,Beniamino Gigli,opera,1
User017,Amour,Izzamuzzic,electronic,4
User017,When You Know (Where You Come From),Scorpions,hard-rock,3
User017,Do Wrong,Moodymann,detroit-techno,4
User017,D411,Donbor,club,2
User017,302号室,Keyakizaka46,j-idol,4
User017,Love Is Here to Stay - Maurice Joshua Tome Mix,Maurice Joshua;M. Terrel,chicago-house,2
User017,Nontsokolo,Hugh Masekela,afrobeat,5
User017,Menyesal,Killing Me Inside,emo,3
User017,オールドルーキー (再録),Takehara Pistol,acoustic,5
User017,Hymn for the Weekend,Coldplay,pop,5
User017,Я так соскучился,Pornofilmy,punk-rock,4
User017,Favor,Jor'dan Armstrong,afrobeat,4
User017,Wake Up,Elaine,alternative,4
User017,When Thatcher Met Brown,Dara O Briain;Frankie Boyle;Hugh Dennis;Russell Howard;Ed Byrne,comedy,5
User017,All This Time,Skindred,industrial,3
User017,"Enigma Variations, Op. 36: IX. Nimrod",Edward Elgar;Royal Philharmonic Orchestra;Carl Davis,british,3
User017,All This,Jay Pryor,deep-house,2
User017,Perfeito Amor - Acústico,Gabriel Brito,gospel,1
User017,over u,keshi,chill,3
User017,the day i died,the bootleg boy;Rxseboy;Powfu,chill,4
User017,湖海爭霸錄,陳秀雯,cantopop,2
User017,Take California,Propellerheads,breakbeat,4
User017,Morena,Scracho,brazil,5
User017,Yo no lloro por llorar - Versión salsa,Nacho Acero,salsa,5
User017,Evergreen (You Didn’t Deserve Me At All),Omar Apollo,soul,4
User017,As Tears Go By - Mono Version,The Rolling Stones,british,3
User017,Anna Nass,Die Atzen;Sady K,party,1
User017,Free Willy,John Pinette,comedy,4
User017,Cryin' Time,George Jones;Tammy Wynette,honky-tonk,3
User017,Eastside (with Halsey & Khalid),benny blanco;Halsey;Khalid,dance,2
User018,Tonight Tonight,Celeste,british,2
User018,Shimmy,Tantrum Desire,drum-and-bass,3
User018,Me Extraña,Jhayco,latin,3
User018,To the Stars,Max Richter,ambient,3
User018,Amor en Pandemia,2 minutos,punk-rock,3
User018,Sarrinho,Almanac,trance,5
User018,Cariocas,Adriana Calcanhotto,mpb,3
User018,yaadein,Zaeden;AAKASH,edm,5
User018,That Woman (Congo Sanchez Remix) [feat. Alan Evans],Euforquestra;Alan Evans,afrobeat,1
User018,シャトルに乗って,My Hair is Bad,j-rock,5
User018,London Drill,Intence;Countree Hype,dancehall,2
User018,HEARTEATER,XXXTENTACION,emo,1
User018,Dos Y Siete,Vicente Garcia,alternative,2
User018,Irresistible,Fall Out Boy,emo,4
User018,Encontrei o Meu Lugar - Ao Vivo,Jhonas Serra;Gabriell Júnior,brazil,4
User018,Samma himlar,Hästpojken,goth,5
User018,Ambre,Nils Frahm;Johannes Bornlöf,ambient,2
User018,Copy (Kakashi Rap),Rustage,anime,4
User018,Just Rhymin' with Biz,Biz Markie,hardcore,4
User018,Lubię jeansy - Radio Edit,Veegas,disco,4
User018,My Torture,Esthero,trip-hop,1
User018,I WANT TO DiE!!!!!,BiS,j-idol,1
User018,Evermore,Dan Stevens,disney,3
User018,だってアタシのヒーロー。,LiSA,anime,2
User018,O Vento - Ao Vivo,Maneva,brazil,4
User018,Guillotine,Death Grips,industrial,2
User018,Jaane Kyon Log Pyar,Udit Narayan;Alka Yagnik,pop-film,3
User018,Waalian (Lo-Fi),Sanjay S Yadav,indian,5
User018,2030,Tai Ji,cantopop,3
User018,香港香港 - Live,my little airport,cantopop,4
User018,一生一次,Andy Lau,cantopop,5
User018,Monopólio,BaianaSystem,afrobeat,5
User018,Ecbatan,Hadi Bastani,iranian,3
User018,True (feat. Lil Terrio),That Girl Lay Lay;Tha Slay Gang;Lil TerRio,kids,4
User018,Saudade da Minha Terra,Chitãozinho & Xororó,sertanejo,5
User018,Eu Não Ando Tão Bem Assim,Bia Marques,mpb,3
User018,"12 Variations in C Major on ""Ah, vous dirai-je Maman"", K. 265/300e: 12b. Variation XI - Pt. 2",Wolfgang Amadeus Mozart;Danielle Laval,classical,3
User018,Bad Decisions,The Strokes,garage,4
User018,Getting Better - Remastered 2009,The Beatles,british,3
User018,"Tritonia (Tritonia 399) - Coming Up, Pt. 1",Tritonal,dub,3
User018,Necromansy,Cruel Force,black-metal,3
User018,São Jorge,Metá Metá,afrobeat,2
User018,Story Of My Life (feat. Trippie Redd) - Heavy Edit,ILLENIUM;Sueco;Trippie Redd,dub,1
User018,Juegos Incompletos,Virus,punk-rock,2
User018,Love Is Just A Game,Ten City,chicago-house,3
User019,Here Comes the Hotstepper,Ini Kamoze,dub,5
User019,Du sale (feat. Fresh LaDouille),Niaks;Fresh La Douille,french,2
User019,Himmel voller Geigen,Matthias Reim,party,2
User019,Paixão,Gilberto e Gilmar;Rionegro & Solimões,sertanejo,2
User019,A Gente Já Não Rola - Ao Vivo,Turma do Pagode,pagode,4
User019,Se Melhorar Estraga - Ao Vivo,Matheus & Kauan,sertanejo,3
User019,"Kasoor (From ""Dhamaka"") - Acoustic",Prateek Kuhad,folk,5
User019,Sin Gamulán,Los Abuelos De La Nada,alt-rock,5
User019,Talvez A Metade Do Caminho,Charlie Brown Jr.,hard-rock,5
User019,MikeQ * Tomara (Remix),Linn da Quebrada;MikeQ,club,3
User019,ペディキュアday,ノースリーブス,j-idol,1
User019,"Form, Function and Friction [Mixed] - Reworked",The Black Dog,idm,2
User019,Man on the Moon - Miguel Campbell Remix,Klangkuenstler;Alice Phoebe Lou,deep-house,3
User019,Dourado Dourado,Bala Desejo;Lucas Nunes;Zé Ibarra;Dora Morelenbaum;Julia Mestre,mpb,2
User019,Caperucita feroz (feat. Moderatto),Orquesta Mondragon,spanish,3
User019,Blue Eyes,Yo Yo Honey Singh,hip-hop,2
User019,Time Mo 1,Omar S,detroit-techno,3
User019,French Inhale,[bsd.u],chill,1
User019,"I Still Believe - Live on ""A Holly Dolly Christmas"" TV Special",Dolly Parton,country,5
User019,Be The Reason,Krakota,drum-and-bass,2
User019,Plevne,Armağan Oruç,edm,3
User019,Lembra Senhor,Trazendo a Arca,gospel,1
User019,In Your Hands - Single Version,Nick Mulvey,british,1
User019,Lonesome Town - 1990 Digital Remaster,Ricky Nelson,rockabilly,5
User019,Mineral Ages,Spuntic,iranian,3
User019,El sur del sur,Jorge Drexler,afrobeat,2
User019,To You,Roots Radics;Toots & The Maytals,dub,4
User019,Melodía de Amor,Los Superclasicos,rock-n-roll,1
User019,Y'a trop,Zkr,french,1
User019,Kemistry - Doc Scott Mix,Goldie;Mixed By: Doc Scott,drum-and-bass,5
User019,Irretrievable,Dear Seattle,garage,3
User019,Me Estai Hueviando,Weichafe,hardcore,4
User019,Tipo Uzui Tengen,MHRAP,r-n-b,4
User020,A Rash Decision,Ice Nine Kills,alternative,3
User020,Heroes Arising,Hyjacked,hardstyle,2
User020,Perigo,Medulla,hard-rock,1
User020,Fly Like An Eagle,Steve Miller Band,psych-rock,3
User020,Waves: Night,Ocean Waves For Sleep,sleep,4
User020,パラレル・ラブ,Yosui Inoue;Tamio Okuda,acoustic,1
User020,Obhabe Keno,Anupam Roy,indian,1
User020,Eclipse - Radio Mix,Ryos;Allisa Rose,progressive-house,4
User020,Fine Again,Seether,grunge,4
User020,Tais,Seekae,idm,1
User020,På bygda,Discocrew,swedish,5
User020,"""Shortly After We Were Married...""",Judy Kuhn;Emily Skeggs,show-tunes,1
User020,Sahara - Original mix,Astrix,trance,2
User020,Work That Mutha Fucker - Gettoblaster & Robert Armani Remix,Steve Poindexter;Gettoblaster;Robert Armani,chicago-house,2
User020,Mount of Execution,Carcass,grindcore,5
User020,"Até O Sol Quis Ver - Ao Vivo Na Ilha Da Magia,Brasil/2008",Exaltasamba,pagode,3
User020,手と手,Creep Hyp,j-rock,1
User020,A Mil Por Hora - Ao Vivo,Diogo Nogueira,samba,2
User020,Parking Lots,Plums,garage,1
User020,Anti You,Blue Stahli,industrial,5
User020,Suddenly I See,KT Tunstall,acoustic,4
User020,Seeing Other People,Donovan Woods,acoustic,5
User020,Conjure Sex,Maceo Plex,minimal-techno,5
User020,39 - Live,Tenacious D,comedy,5
User020,Si te acuerdas de mí - 2015 Remaster,Los Mitos,spanish,2
User020,"Liederkreis, Op. 39: 5. Mondnacht (Arr. Clara Schumann for Piano)",Robert Schumann;Isata Kanneh-Mason,classical,5
User020,Lullaby for Doris,August D. Valentine,guitar,4
User020,Heartaches By The Number,Ray Price,honky-tonk,4
User020,Eyes Without A Face,Billy Idol,hard-rock,4
User020,Calm Down (feat. Icp),Amb,breakbeat,3
User020,Least Of All,George Jones,honky-tonk,5
User020,Prego e Martelo,Pablo,forro,4
User020,Sinking Deep,Hillsong Young & Free,world-music,3
User020,Fool Around,Beddy Rays,garage,5
User020,Plainsong,Ata Ebtekar,iranian,5
User020,Kaantha,Masala Coffee;Sooraj Santhosh;Varun Sunil,folk,1
User020,Anybody,Burna Boy,dancehall,5
User020,Papa Gene's Blues,The Monkees,psych-rock,1
User020,I Still Haven't Found What I'm Looking For,Sarah Jarosz,bluegrass,2
User020,Living In My Skin,HEY-SMITH,j-rock,2
User020,Oxas,GAMPER & DADONI;De Hofnar,deep-house,3
User020,Walking Through Clouds,Bernward Koch,new-age,1
User020,Nema Problema (Alex D'Rosso Remix),Medina;Alex D'Rosso,dancehall,2
User020,Vivencias,Grupo Niche,salsa,2
User021,MC TH - NA CAMA FAZ BARULHO,DJ IZEUS;DJ AG PROD;Mc Th,funk,5
User021,Hold Her,for KING & COUNTRY,world-music,1
User021,Spektakulär,Sportfreunde Stiller,german,2
User021,世界の中心で虹を叫んだサマー,虹のコンキスタドール,j-idol,1
User021,"TVA - From ""Loki""/Score",Natalie Holt,british,4
User021,Skinjob,Hatred Surge,grindcore,4
User021,Universal - Extended Mix,Avalon;Azax,trance,5
User021,Prelude - M.O.S. Extended Mix,Above & Beyond;M.O.S.,trance,4
User021,Demonacracy,Chaos Descent,iranian,3
User021,"Ilamai Thirumbudhe - From ""Petta""",Anirudh Ravichander,hip-hop,1
User021,Near Light,Ólafur Arnalds,ambient,2
User021,Doublespeak,We Came As Romans,metalcore,3
User021,O último romântico,Lulu Santos,brazil,3
User021,Omniscient,XERXES THE DARK,iranian,4
User021,Bebida com Carência (Ao Vivo),Turma do Pagode,pagode,1
User021,Multi-Love,Unknown Mortal Orchestra,psych-rock,2
User021,這款的情愛,楊宗憲,mandopop,3
User021,夏日の風,Landy Wen,mandopop,5
User021,death bed (feat. beabadoobee & blink-182) - bonus remix,Powfu;beabadoobee;blink-182,sad,2
User021,Wecki,Sabo Tan,study,4
User021,El Clavo,Mr Black El Presidente,salsa,1
User021,僕のヒロイン,=LOVE,j-idol,5
User021,Soul Hacker,Fear Factory,industrial,2
User021,春天在車廂裡,my little airport,cantopop,2
User021,"Get High, See Mice",The Smith Street Band,garage,3
User021,Gates of Ctesiphon,Anoushbard,iranian,2
User021,I Faram Gami I Faram - taken from Mulatu Steps Ahead,Mulatu Astatke,afrobeat,1
User021,I Remember When I Was Young - Bonus Track,Matt Taylor,blues,1
User021,Waiting For The Symphony,Night Moves,psych-rock,2
User021,Space Song,Beach House,indie-pop,3
User021,Der Morgenmuffel,Rolf Zuckowski,children,5
User021,Awakening,Ichika Nito,guitar,5
User021,G.O.A.T.,Diljit Dosanjh,pop-film,3
User021,Guayacán Pasodobles,Guayacán Orquesta,salsa,4
User021,Pink Sky Moon,Joe Brooks,acoustic,1
User022,Moonglow,Michael Whalen,new-age,3
User022,Getting Late (feat. Danni Carra),SLANDER;if found;Danni Carra,dub,4
User022,My Own Best Friend,Bebe Neuwirth;Ann Reinking;Rob Fisher,show-tunes,3
User022,This Love is 4 Real,Omar S,detroit-techno,5
User022,Text Ur Number (feat. DJ Sliink & Fetty Wap),DJ Envy;Fetty Wap;DJ Sliink,club,5
User022,"Vente Encima (feat. Anonimus, Bryant Myers & Noriel)",Riko;Anonimus;Bryant Myers;Noriel,hardcore,4
User022,Neck Breakers,T.O.K,dancehall,4
User022,God's Country,Blake Shelton,country,1
User022,好歌獻給你,Roman Tam,cantopop,5
User022,Where the Wind Blows,Ado,j-pop,1
User022,Aggini Endrariyayo,M. S. Subbulakshmi,classical,4
User022,"Running Blind - From ""Liberated / Music For the Movement Vol. 3""",Lucky Daye,indie-pop,3
User022,Shayad - Lofi Flip,VIBIE;Arijit Singh;Pritam,indian,5
User022,En la Jaula,Horcas,heavy-metal,3
User022,Angels Fall,Breaking Benjamin,grunge,1
User022,Todos Los Besos,Los Rebujitos,spanish,1
User022,Bruna kuvert,Roffe Ruff,goth,2
User022,Ember,Tony Anderson,ambient,5
User022,Luchamos por la Causa,Los Caligaris;Dr.Shenka,ska,5
User022,Aquella Noche,Cuco Sánchez,guitar,1
User022,Der Krause Mega Mix (Medley),Mickie Krause,party,3
User022,Tote Enten (Xtreme Sound Party Mix),Tim Toupet,disco,5
User022,Feel Something (With I Prevail),ILLENIUM;Excision;I Prevail,dub,1
User022,Through and Through,Life Of Agony,hardcore,2
User022,Sintomas de Amor - Ao Vivo,Vitinho,pagode,4
User022,Foggy Mountain Special,Flatt & Scruggs,bluegrass,5
User022,One Inche,Sujatha;Sripathi Panditaradhyula Balasubrahmanyam,malay,4
User022,Different Languages,Justnormal,study,3
User022,1+1,Ready Kirken,folk,2
User022,Electronic Battle Weapon 6,The Chemical Brothers,breakbeat,5
User022,Sos mi sol flaquito,Luis Pescetti;Marta Gómez,latino,4
User022,Dia De Muertos,The Kiboomers,children,4
User022,...Baby One More Time,The Baseballs,rockabilly,1
User022,Action,Dj Promo,happy,4
User022,Aadha Ishq,Salim–Sulaiman;Shreya Ghoshal;Amitabh Bhattacharya,folk,3
User022,LET’S DO IT AGAIN - Radio Edit,Jamie xx,electronic,4
User022,Follow Me,Bolier;NBLM,deep-house,3
User022,X'Mas Time (It Sure Doesn't Feel Like It),The Mighty Mighty Bosstones,punk-rock,3
User022,Cicatrices,Natos y Waor,spanish,1
User022,Housetime (3 Steps Ahead Remix) - Extended Mix,The Prophet;3 Steps Ahead,happy,2
User022,Chaoplasm,Blood Incantation,death-metal,3
User022,男人淚,阿吉仔,mandopop,4
User022,skeletons,keshi,chill,4
User022,No Doubt - LIVE,Official HIGE DANdism,anime,3
User023,Harvest Dance,Alan Menken,disney,5
User023,Liberta,Lesiem,new-age,1
User023,Moko Kahaan Dhunde Re Bandhe,Kabir Cafe,folk,4
User023,Buda vs Hajun,Doblecero,anime,1
User023,El Durazno Y El Melon,Chancho En Piedra,ska,3
User023,Dating Solution,Alfred Carcieri,comedy,3
User023,S.E.X - C.G.P (Conant Gardens Posse) Remix,Omar S;L'Renee,detroit-techno,3
User023,Mosaico Lo de La Chula,Joe Arroyo,salsa,1
User023,Oh my god,(G)I-DLE,k-pop,4
User023,Alter Geist,Broilers,german,5
User023,História Para Ninar Gente Grande,Marquinho Art'Samba;De Mangueira,samba,1
User023,Sincerely Yours - Whiney Remix,BCee;Leo Wood;Whiney,drum-and-bass,5
User023,Qualquer Lugar,Strike;Alexandre Carlo,j-rock,4
User023,Light Up The World,Glee Cast,club,4
User023,I'm This Far Away (From Being The Worst Person You've Ever Met),Private Function,garage,1
User023,Are You Okay?,Thomas Reid;Rxseboy;Powfu,sad,2
User023,Hawayein - Lofi Flip,VIBIE;Arijit Singh;Pritam,indian,5
User023,Training Day,Infraction,club,3
User023,Think About,One True God;EDDIE,club,5
User023,Locked Up - Remix,Savage;Akon,disco,4
User023,Make Me Move,Culture Code;Karra,dub,4
User023,João E Maria (Ao Vivo),Chico Buarque,mpb,1
User023,Empty Love,Lulleaux;Kid Princess,deep-house,2
User023,Quebrou a Cara,Silvanno Salles,forro,3
User023,Har Kisi Ko,Nikhil D'Souza,indie-pop,5
User023,Tonight's Da Night,Redman,hardcore,2
User023,Five More Hours,Deorro;Chris Brown,progressive-house,3
User023,Hentai,Cigarettes After Sex,ambient,4
User023,Teste de Farmácia,Unha Pintada,forro,4
User023,Allright Now Here We Go!!! (DJ Rob Remix) - Extended Mix,The Prophet;DJ Rob,happy,1
User023,Por Tão Pouco / Teu Segredo / Sayonara - Ao Vivo,Kamisa 10,pagode,1
User023,Mirchi,DIVINE;MC Altaf;Stylo G;Phenom,hip-hop,5
User023,Poco,No Te Va Gustar;Draco Rosa,alt-rock,2
User023,Don't You (Forget About Me),Simple Minds,synth-pop,2
User023,Yellowjacket (feat. Sam Carter),Spiritbox;Sam Carter,metalcore,3
User023,Beauty and the Beast (Finale),Audra McDonald;Emma Thompson;Ensemble - Beauty and the Beast,show-tunes,5
User023,Bereft,Despise You,grindcore,1
User023,Thanichaya Pole,Sajeer Koppam;Shafi Eppikkad,malay,5
User023,Forever - Live,Kari Jobe,world-music,4
User023,There’d Better Be A Mirrorball,Arctic Monkeys,garage,1
User023,Work Groove,Mark Farina;Homero Espinosa,chicago-house,2
User023,days,Zaeden,edm,1
User024,The Eternal Glory of War,Deströyer 666,black-metal,1
User024,Silencio (Remastered 2022),Carlos Gardel,tango,2
User024,Diam,Payung Teduh;Orkes Panawijen,folk,4
User024,Sidhu Son,Sidhu Moose Wala,hip-hop,3
User024,Binaural Beats for Deep Sleep,Binaural Beats Sleep,sleep,5
User024,La Chinita de los Ojos Cafés,Golpe a Golpe,latino,3
User024,Rev It Up (feat. Riya),Krafty Kuts;Dynamite MC;Riya,breakbeat,4
User024,"My Life Is Going On (Cecilia Krull vs. Gavin Moss) - Música Original de la Serie de TV ""La Casa de Papel""",Cecilia Krull;Gavin Moss,spanish,4
User024,Na horda - Ao vivo,O Rappa,alt-rock,4
User024,Belki De Aşk Lazım Değildir,Sertab Erener,j-pop,2
User024,No Tube Zone,Vald,french,4
User024,God Rest Ye Merry Gentlemen,Smokey Robinson & The Miracles,funk,5
User024,No Te Creo,Manolo Muñoz,rock-n-roll,2
User024,"Elliot's Song - From ""Euphoria"" An HBO Original Series",Dominic Fike;Zendaya,alt-rock,4
User024,from the edge,FictionJunction;LiSA,anime,2
User024,Crystal Dolphin,Engelwood,chill,5
User024,The Next Episode,Dr. Dre;Snoop Dogg,funk,5
User024,"Porkanda Singam (EDM Version) [From ""Vikram""]",Anirudh Ravichander,hip-hop,2
User024,瞳はダイアモンド - Diamond Eyes,Seiko Matsuda,j-idol,1
User024,"The Villages, Florida",Kathleen Madigan,comedy,3
User024,Sarhoş Gibiyim,Seksendört,turkish,4
User024,Is Qadar,Tulsi Kumar;Darshan Raval;Sachet-Parampara,pop-film,3
User024,Hinoki,Anenon,idm,5
User024,FAKE LOVE,BTS,k-pop,3
User024,SLEEVE,Marthyan,malay,1
User024,Hvile,Frode Gjermundsen,piano,3
User024,Live to Rise,Soundgarden,grunge,3
User024,"Moanin' The Blues - Live At Grand Ole Opry, Nashville/1950/ Edit",Hank Williams,honky-tonk,5
User024,Sun Will Shine - James Carter Remix,Robin Schulz;Tom Walker;James Carter,deep-house,5
User024,One Last Dance,Us The Duo,acoustic,4
User024,Speak,Nickel Creek,bluegrass,2
User024,Dawsonia,MIKTEK,idm,4
User024,Родина,Sergei Lemeshev,romance,5
User024,SAY10,Marilyn Manson,industrial,4
User024,Onde Estará O Meu Amor,Maria Bethânia,mpb,3
User024,De Igual Pra Igual - Ao Vivo,Leonardo;Eduardo Costa,sertanejo,3
User024,Calabria - Firebeatz Remix,Rune RK;Firebeatz,electronic,5
User024,Keep Freakin' - Radio Edit,Re-Style;Bass-D,happy,5
User024,The Last Urn Broke,Rojin Sharafi,iranian,4
User024,君とどこかへ行きたい - つばめ選抜,HKT48,j-idol,4
User024,Tell Me About You (feat. Mishaal),Kina;Mishaal,sad,3
User024,Mir sin widder do,Brings,party,2
User024,Hacha Suculenta,DeGoBooM,anime,2
User024,Touch The Sky,Cameron's Bedtime Classics,disney,5
User025,Half a Boy and Half a Man,Nick Lowe,power-pop,2
User025,Story Of My Life (feat. Trippie Redd),ILLENIUM;Sueco;Trippie Redd,dub,4
User025,Last Love,Bolier;Iceleak,deep-house,1
User025,Infinity (feat. Omah Lay),Olamide;Omah Lay,dancehall,3
User025,Un Niche de las Tinieblas a la Luz,Álvaro Del Castillo,salsa,4
User025,Poli Saanam,Rakz Radiant;Arcado;Jay Stellar,malay,4
User025,Raining,Outside Broadcast Recordings,sleep,4
User025,Chalo,Vasu Raina,singer-songwriter,2
User025,Angel - Jerome Sydenham Vocal Dub,Carl Craig;Jerome Sydenham,detroit-techno,4
User025,Angel - Hardstyle Masterz Cut,The Nasty Boyz,hardstyle,1
User025,"Some Time Alone, Alone",Melody's Echo Chamber,psych-rock,2
User025,Wieża Bruna,Germaine Franco,disney,5
User025,Slave To The God Of Agony,DeadSquad,death-metal,5
User025,Moon-Silvered Clouds,Deuter,new-age,3
User025,Switch Back,Quintino,progressive-house,1
User025,Quando Eu Contar (Iaiá) / Brincadeira Tem Hora - Ao Vivo No Rio De Janeiro / 2003,Zeca Pagodinho,samba,4
User025,Addison Carr,Blake Baxter,detroit-techno,1
User025,Witch Dance - Club Edit,Minimal Vanessa,minimal-techno,5
User025,Cape Cod People,Big Jay Oakerson,comedy,4
User025,Vivir Mi Vida,Marc Anthony,salsa,1
User025,Just In View,Euloria,sleep,2
User025,Braindead,Zombina & The Skeletones,goth,4
User025,Pai Nosso - Ao Vivo,Padre Marcelo Rossi,brazil,2
User025,Damn (Original Mix) - Extended Mix,The Prophet,happy,1
User025,You Can Drag Me Through Fire,Midnight,black-metal,4
User025,Gol,Malt,metal,3
User025,Something Stupid,Bailey Pelkman;Randy Rektor,acoustic,3
User025,不要把冬天衫放回衣櫃,my little airport,cantopop,5
User025,Cool,Pascal Junior,groove,4
User025,Bin Tere - Lofi Flip,Silent Ocean;Shafqat Amanat Ali;Sunidhi Chauhan;Vishal-Shekhar,indian,1
User025,do-re-mi-fa-so-la-ti-do,Porter Robinson,dub,3
User025,Pastlives,BRAMANE,sad,5
User025,Newyork Nagaram,A.R. Rahman,pop-film,4
User025,Woh Din (Film Version),Pritam;TUSHAR JOSHI,indian,3
User025,Yuve Yuve Yu,The HU,metal,4
User025,Gun Man Thing,Franco Wildlife,dancehall,5
User025,Sleep Talk (feat. Lisa Millett) - Dr Packer Extended Remix,ATFC;Lisa Millett;Dr Packer,deep-house,1
User025,Afraid (feat. HARLEE),James Hype;HARLEE,deep-house,5
User025,This Perfect World,Freedy Johnston,power-pop,1
User025,No Rain - Bluegrass Rendition of Blind Melon,Pickin' On Series,bluegrass,2
User025,Nannu Lalinchu ( Solo ),Sujatha,malay,3
User025,Rocky Island,Ralph Stanley,bluegrass,2
User026,Pirata,Joan Sebastian,r-n-b,4
User026,"A Shot In The Dark - Live At The Capitol / Ocala, FL / January 5, 2008",A Day To Remember,metalcore,1
User026,Angelica,Rabit;Eartheater,club,1
User026,The Phantom Of The Opera Symphonic Suite - Pt.6,Andrew Lloyd Webber;The Andrew Lloyd Webber Orchestra;Simon Lee,show-tunes,4
User026,Hitmedley,voXXclub,party,2
User026,It's a Sin,Pet Shop Boys,synth-pop,3
User026,Goiânia Me Espera - Ao Vivo Em Goiânia / 2007,Jorge & Mateus,sertanejo,1
User026,Garrafas Vazias - Ao Vivo,Henrique & Juliano,sertanejo,1
User026,Another Dream,Furkan Sert,deep-house,3
User026,Cadillac solitario,Loquillo,rockabilly,1
User026,Warrior - Extended Version,Mark With a K;Robert Falcon,hardstyle,3
User026,Alpha & Omega,SWARM,club,3
User026,Rig or Cross,Split Lip Rayfield,bluegrass,3
User026,Stimmung,Leo Baumgart,sleep,4
User026,International - Skrillex Remix,Chase & Status;Skrillex,drum-and-bass,2
User026,My Fair Lady,KALEO,indie,2
User026,Vanisher,CABLE,club,5
User026,Às Vezes - Ao Vivo,Henrique & Juliano,sertanejo,4
User026,F.I.F.O. (Outbreak Remix) - Edit,Brennan Heart,hardstyle,5
User026,蜘蛛の糸,Kinniku Shōjo Tai,heavy-metal,2
User026,Mysterium,Alphaxone,iranian,2
User026,"Uljhe Hue - From ""Uljhe Hue""",Osho Jain;Melissa Srivastava,indian,2
User026,Queens Highway,Menahan Street Band,afrobeat,1
User026,Identity Crisis,Napalm Death,grindcore,5
User026,Yuri on Ice (Yuri!!! on Ice Original Soundtrack),F.B. Piano Anime,piano,4
User026,Hiç Sevmedim Seni,Hayki;Da Poet,turkish,5
User026,Bronco Rider,Ron White,comedy,2
User026,West Connect (feat. Central Cee),Luciano;Central Cee,german,4
User026,Yaarodu Yaaro,Yuvan Shankar Raja;Sultan Khan,k-pop,5
User026,A Place Among the Stars,Hans Zimmer,german,2
User026,Sleeping All Alone,iamjakehill,emo,2
User026,"Vor, zurück",Ikke Hüftgold;Willi Herren,party,4
User027,Frei für Dich - Radio Version,Wolfgang Petry,party,3
User027,"Monster - From ""Frozen: The Broadway Musical""",Caissie Levy;John Riddle;Original Broadway Cast of Frozen,show-tunes,4
User027,Creep (mint Singles),R3HAB;GATTÜSO,progressive-house,3
User027,days,Zaeden,edm,1
User027,"Cassandra, Pt II",Area 11,industrial,4
User027,Fall Afresh,Bethel Music;Jeremy Riddle,world-music,3
User027,Eine Liebe - Sylaar 2k20 Remix,Mallorca Allstars;Isi Glück;Ikke Hüftgold;Almklausi;Lorenz Büffel;Carolina;Honk!;Sylaar,party,5
User027,Esok Kan Bahagia,D’MASIV,malay,2
User027,Deathmask,Exhumed,grindcore,1
User027,Veneno Mortal,Galy Galiano,salsa,4
User027,Blau wie das Meer - Bierkönig Version,Tobee,disco,3
User027,Getting to Know You,Big Jay Oakerson,comedy,5
User027,why you gotta kick me when i'm down?,Bring Me The Horizon,metalcore,3
User027,Holdin' Her,Chris Janson,country,4
User027,PvP,Amaranthe,goth,3
User027,Leave Me Astounded,Planetshakers,world-music,4
User027,Cigarettes In The Morning,Snøw;Kaxi,sad,3
User027,I'll Wait Forever,Ex-Voto,goth,2
User027,Hon är en runaway,Håkan Hellström,goth,4
User027,I'm Not There Anymore,Trampled by Turtles,bluegrass,4
User027,It's Christmas Time Again,Peggy Lee,jazz,1
User027,Correrei - Ao Vivo,Gabriela Rocha,gospel,2
User027,Born For Greatness,Papa Roach,metal,4
User027,As Bad As It Is...,Agoraphobic Nosebleed,grindcore,5
User027,Valió la Pena - Salsa Version,Marc Anthony,latin,3
User027,Mornoon,Luke Vibert,idm,5
User027,Sail Away,Chris Rea,blues,3
User027,Tempo de Vencer,Jamily,brazil,3
User027,Ilasas,Plaid,idm,1
User027,Vou Chorar - Ao Vivo,Taty Girl,forro,4
User027,The Wrangler,DJ Icey,breakbeat,3
User027,Sigo na Sombra,BK;El Lif Beatz,brazil,1
User027,"I Go to Extremes - Live at Yankee Stadium, Bronx, NY - June 1990",Billy Joel,piano,5
User027,紅の詩,Shiritsu Ebisu Chugaku,j-idol,1
User027,See This Way - Blue Potential Version,Jeff Mills,detroit-techno,5
User027,Off The Ground,Sub Focus,drum-and-bass,4
User027,Easy - Music From The Motion Picture Baby Driver,Sky Ferreira,synth-pop,3
User027,Tango,El Cuervo de Poe,opera,2
User027,"Carmen, WD 31: ""La fleur que tu m'avais jetée""",Georges Bizet;Luciano Pavarotti;Vienna Volksoper Orchestra;Leone Magiera,opera,5
User027,Spin Barrel,Vipa Music;Kenyaman,dancehall,3
User027,In The Third Move,Waveum,study,2
User027,Take Me to Church (Glee Cast Version),Glee Cast,club,2
User027,BLUE,Tiësto;Stevie Appleton,dance,5
User027,Miss Sloane Solo,Max Richter,ambient,3
User027,No Way,SIX;Renée Lamb,show-tunes,2
User027,Dam That River (2022 Remaster),Alice In Chains,grunge,1
User027,"陪你度過漫長歲月 - ""陪安東尼度過漫長歲月""電影主題曲",Eason Chan,cantopop,1
User027,Avaz Avaz,Lil Zey,turkish,3
User027,Gårdakvarnar och skit (Live),Håkan Hellström,goth,4
User027,Yapeyú,Orquesta Silbando,tango,1
User028,Diabulus In Música,Mägo de Oz,spanish,3
User028,Głos Antonia,Germaine Franco,disney,2
User028,Blood Eagles Carved On The Backs Of Innocents,Anaal Nathrakh,grindcore,1
User028,Família,Titãs,brazil,3
User028,Lage Nahi Man,Vismay Patel,indian,3
User028,San Luis,Gregory Alan Isakov,folk,4
User028,Yippie,Mouse On Mars,idm,2
User028,Medal,Popcaan,j-dance,2
User028,Supersaw - Hard Mix,DJ Furax,j-dance,2
User028,10 Minute Loopable Heavy Rain,Rain Sounds;Spa & Spa;Nature Sounds Nature Music,sleep,5
User028,Sri Venkatesa Suprabhatam,M. S. Subbulakshmi;T. K. Murthy;V.V.Subramaniam,classical,3
User028,Lucid Fairytale,Napalm Death,grindcore,5
User028,Wir trinken das schäumende Bier,Die 3 Besoffskis,party,5
User028,Nacer morir,Horcas,heavy-metal,3
User028,BBIBBI,IU,k-pop,2
User028,介乎法國與旺角的詩意 - Live,my little airport,cantopop,3
User028,Telephasic Workshop,Boards of Canada,trip-hop,4
User028,Universal Child,Annie Lennox;African Children's Choir,rock,3
User028,Alpha & Omega,SWARM,club,3
User028,"Itzy, Bitzy Spider (Xiǎoxiǎode Zhīzhū)",Babyboomboom,kids,1
User028,No No No,Kyary Pamyu Pamyu,j-idol,4
User028,千個太陽,Deanie Ip;Elisa Chan;散芬芳合唱團,cantopop,1
User028,Sick Travellin' Pt. 1,Fritz Kalkbrenner,minimal-techno,2
User028,Sinal de Amor,Yuri Costa;Entretons,groove,2
User028,Celebration (feat. Toko Miura),RADWIMPS;Toko Miura,j-rock,4
User028,you broke me first,The Mayries,acoustic,5
User028,School Football,Gary Gulman,comedy,3
User028,Long Live Our Lifeless King,Xanthochroid,black-metal,1
User028,The Ultimate Vision,Germaine Franco,disney,4
User028,Stay Hollow (with mossy.),Ekali;mossy.,dub,1
User028,Pampa del Infierno,Tren Loco,heavy-metal,3
User028,Imagine - Acoustic,Ben Platt,show-tunes,5
User028,Just a Lonely Boy ~WANDS 第5期 ver.~,WANDS,anime,1
User028,Melhor Lugar: Sessão Acústica,Marcelo Markes,brazil,4
User028,"See Me, Feel Me",Scooter,happy,3
User028,Hate The Way (feat. blackbear),G-Eazy;blackbear,indie-pop,3
User028,生きてく強さ,GLAY,j-rock,5
User028,Salsa Raï,Yuri Buenaventura;Faudel,salsa,4
User028,Ganesha Namah - Original Mix,Mad Maxx;Shivadelic,trance,3
User028,Só Notícia Boa,Comunidade Nin-jitsu;Armandinho,punk-rock,1
User028,Alışmak Sevmekten Zor,Ümit Besen,turkish,2
User028,Think (About It) - Spen & Thommy’s House Party Mix,Barbara Tucker;DJ Spen;Thommy Davis,chicago-house,4
User028,Head & Heart,Joel Corry;MNEK,dance,1
User028,Techno Party,Tujamo;VINNE;Murotani,progressive-house,5
User028,Hip Hop Rio,Planet Hemp,hard-rock,5
User028,God Deciding,Hot Water Music,hardcore,3
User028,Good Ole Boys Like Me,Don Williams,country,5
User028,Save Me Life,450,dancehall,2
User029,"Не жалею, не зову, не плачу",Сергей Зыков,romance,1
User029,Baaton Ko Teri,Arijit Singh,pop-film,4
User029,Last Request,Paolo Nutini,british,3
User029,Smoesje klaar,Kinderen voor Kinderen,children,4
User029,Только раз бывает в жизни встречи,Oleg Pogudin,romance,1
User029,You'll Get No More Of Me,Flatt Lonesome,bluegrass,2
User029,Natpukulle,Yuvan Shankar Raja,k-pop,1
User029,High Fells,Full Of Hell,grindcore,1
User029,"Remember Me (from ""Coco"")",The Sleep Diaries,disney,3
User029,Idolatria,Menor MC,funk,4
User029,Welcome to Night City,Head Splitter,club,1
User029,Silver Spoon,BTS,k-pop,1
User029,Kill For Your Love,Labrinth,indie-pop,2
User029,Sadeness - Part I / Extended Trance Mix,Enigma,new-age,5
User029,Dance Hall Days,Wang Chung,synth-pop,2
User029,Providence,Mohican Sun,drum-and-bass,4
User029,Riot Act,Elvis Costello & The Attractions,power-pop,4
User029,You Spin Me Round (Like A Record),Dope,industrial,3
User029,恋人がサンタクロース(version2016),Flower,j-idol,5
User029,Bhail Araghiya Ke Ber,Anuradha Paudwal;Rani Chatterjee,k-pop,4
User029,Baby Shark Music Box,Pinkfong,children,5
User029,Fueye,Aníbal Troilo Y Su Orquesta Típica;Roberto Goyeneche,tango,2
User029,Look Out Baby (Here I Come) (Bonus Track),Bacao Rhythm & Steel Band,afrobeat,4
User029,Nada por Mim / Nas Nuvens / É Demais / Cheiro de Amor,Encontro de Batuqueiros,samba,1
User029,Kan Revan Icindeyim,Düş Sokağı Sakinleri,j-rock,4
User029,Dallar Van Ride,Conroy Smith,dancehall,5
User029,Together (feat. Russell Dickerson),Chris Tomlin;Russell Dickerson,world-music,4
User029,So Far So Good - Frankov Remix 2022,Victor Ruiz;Vitor Munhoz;Frankov,deep-house,3
User029,Sometimes I Feel Like,Chez Damier;Ron Trent,chicago-house,1
User029,slideshow,Amindi,dancehall,3
User029,Jamás Retornarás,Miguel Calo;Raúl Berón,tango,2
User029,Les jardins de minuit,Alcest,black-metal,4
User029,Contar Pra Quê - Ao Vivo,Henrique & Juliano,sertanejo,4
User029,Laurel Canyon Night Drive - Jody Wisternoff Extended Breaking Sticks Remix,BT;Jody Wisternoff,progressive-house,2
User029,Altaria,Dimatik,hardstyle,3
User029,Collide (Sped Up Remix),Justine Skye;Tyga,alternative,1
User029,The Spelling Rules / My Favorite Moment of the Bee 1,25th Annual Putnam County Spelling Bee Original Cast,show-tunes,3
User029,RAT Race,KD Da Kid,kids,5
User029,my future,Billie Eilish,electro,3
User029,MahoganyBrown,Moodymann,detroit-techno,1
User029,Unfit for Human Consumption,Carcass,grindcore,4
User029,Pobre Flor,Alfredo De Angelis;Carlos Dante;Julio Martel;Orquesta de Alfredo De Angelis,tango,3
User029,Puxadinho (Ao Vivo),Murilo Huff,sertanejo,2
User029,Kintsugi,Meitei,ambient,1
User029,Tritonia - Intro,Tritonal,dub,4
User029,Ohne dich,Rolf Zuckowski,children,1
User029,Canarinho Prisioneiro / Merceditas - Ao Vivo,Lauana Prado,sertanejo,2
User029,Amor de Primeira,Diego & Victor Hugo,sertanejo,5
User029,Cintaku Buta 2.0,Havoc Mathan;Havoc Naven,malay,1
User029,Ek Tarfa,Darshan Raval,pop,1
User030,Artist,Prateek Kuhad,folk,2
User030,Can't Stand Losing You - Remastered 2003,The Police,rock,2
User030,Sugar Tree,Ochre,idm,5
User030,Colisão,Anderson Freire,brazil,2
User030,Diez Mil Lagrimas,Cristian,spanish,1
User030,La Virgen De La Soledad,Los Dinner's,rock-n-roll,5
User030,Beduvenu Varavnnu,Prem,k-pop,2
User030,A New Beginning,Tenno,chill,5
User030,Major Tom - Coming Home,Peter Schilling,synth-pop,2
User030,Rockin' Around the Christmas Tree,Mini Pop Kids,kids,2
User030,Opprobrium,Eric Cloutier,detroit-techno,3
User030,Blue Elephant (Contour 4),Booka Shade,minimal-techno,2
User030,Cordula Grün,Tobee,disco,5
User030,El Tiempo Que Haz Llorado,Los Corazones Solitarios,rock-n-roll,1
User030,Agua Santa,Ocote Soul Sounds,afrobeat,3
User030,So Long My Friend,Yanni,new-age,2
User030,La Isla Bonita (Glee Cast Version) (feat. Ricky Martin),Glee Cast;Ricky Martin,club,2
User030,Ela,Calin,emo,5
User030,Vitrola Veia,Lucas Reis & Thácio,sertanejo,3
User030,多喝水,Stephanie Cheng,cantopop,2
User030,Move Your Body - DJ David Dee's Director's Cut Radio Edit,Marshall Jefferson;Curtis McClain;Director's Cut;DJ David Dee,chicago-house,1
User030,Blue & Grey - Midnight Edit,Smyang Piano,piano,1
User030,Conselho dos Mais Velhos,Mc Lipi,funk,2
User030,Everyone She Knows,Kenny Chesney,country,1
User030,Zeit zu leben,Reinhard Mey,german,3
User030,Meri Maa,Pritam;KK,indian,2
User030,Segunda Taça - Ao Vivo,João Bosco & Vinicius;Matheus,sertanejo,5
User030,Prune That Family Tree Right at the Stump,Dan Cummins,comedy,3
User030,Look After Yourself,Bullseye Release,study,1
User030,Until I Fall Away,Gin Blossoms,grunge,2
User030,Paul Is Dead,Scooter;Timmy Trumpet,happy,3
User030,Als ich ein Baby war,Rolf Zuckowski,children,1
User030,Pro Wrestling Fan Vs the Rules,Matt McCarthy,comedy,2
User030,Hichkiyaa,Osho Jain,indian,4
User030,Destiny Calls,JDS,breakbeat,5
User030,Apocalypse,Cigarettes After Sex,ambient,1
User030,God of the Impossible,Lincoln Brewster,world-music,1
User030,Take Me As I Am Or Let Me Go,Ray Price,honky-tonk,4
User030,Permanent Way,Charlie Cunningham,british,4
User030,Die Young - Original Mix,DJ Fixx,breakbeat,3
User031,O Que É Que Há,Gal Costa,mpb,5
User031,Bebe e Vem Me Procurar / Quem Ama Sente Saudade (Ao Vivo),Turma do Pagode;Grupo Menos É Mais,pagode,1
User031,Operacion Tango - Live,Astor Piazzolla,tango,4
User031,Drama (feat. Drake),Roy Woods;Drake,soul,5
User031,Timi Bhane,Albatross,indie-pop,2
User031,"Mrs. Robinson - From ""The Graduate"" Soundtrack",Simon & Garfunkel,folk,5
User031,Love You Like Me,William Singe,chill,1
User031,Still Learning 'Bout Love,Wendell B;C.J.;Jason Little;Magic One,blues,5
User031,Fractals,Killerwatts,trance,3
User031,Komm Zigany (auch ich war einst ein feiner Csárdáskavalier),Emmerich Kálmán;Peter Alexander,opera,4
User031,Vou Morrer Sozinho,Jão,funk,1
User031,Lit,Motto;Lyrikal,dancehall,1
User031,Light Touch,Emanuel Nord,guitar,4
User031,The Marathon Will Continue (FOR NIPSEY),Matt Large,study,4
User031,Glory Days (Glee Cast Version),Glee Cast,club,4
User031,The One I'm Thinking Of,Jon Liddell,malay,1
User031,Swashers,Yosi Horikawa,idm,4
User031,Where Are You Tonite,Chaka Khan,disco,4
User031,Jab Se Tere Naina,Monty Sharma;Shaan,pop-film,1
User031,It Only Hurts,Default,grunge,1
User031,Teu Querer,Elaine Martins,gospel,3
User031,Multirricachon,Chancho En Piedra,ska,5
User031,Serial Thrilla,The Prodigy,breakbeat,2
User031,La vida moderna,Veintiuno;Love of Lesbian,spanish,1
User031,Your Eyes Tell,Smyang Piano,piano,2
User031,Blue Hour,TOMORROW X TOGETHER,k-pop,3
User031,"La traviata / Act II: ""Che fai?"" ""Nulla""",Giuseppe Verdi;Rolando Villazón;Anna Netrebko;Wiener Philharmoniker;Carlo Rizzi,opera,5
User031,Memur,Stap,turkish,5
User031,Carnival of Rust,Poets of the Fall,alt-rock,5
User031,When The Book Of Life Is Read,Hank Williams,honky-tonk,3
User031,Gang Outside,kizaru;Milian Beatz;Lil Gotit,emo,4
User031,Sternhagelvoll,Sabbotage,disco,5
User031,Já que Você Não Me Quer Mais / A Vingança (Ao Vivo),Dilsinho,pagode,5
User031,宋代SAD BOY,my little airport,cantopop,3
User031,pSyKoSeN,Albin Myers;ODZ,progressive-house,4
User031,Dentro da Casa de Show,DJ DN;MC Torugo,funk,5
User031,You're Somebody Else,flora cash,folk,5
User031,If I Loved You,Frankie Carle,honky-tonk,4
User031,Youngblood,5 Seconds of Summer,dance,1
User031,Valsa e Vinho,Nelson Gomes,guitar,1
User031,"If You Want To Sing Out, Sing Out",Yusuf / Cat Stevens,british,5
User031,Nekrokosmos,Kvelertak,black-metal,2
User031,Którą wybrać z dróg,Paweł Ciołkosz,disney,4
User031,Cangrejito,Atención Atención,children,4
User031,Anormal,Cegıd,turkish,2
User031,Skit,Roffe Ruff,goth,4
User032,Farm,Out of Nowhere,iranian,4
User032,Impressed - Rework,Solee,deep-house,4
User032,Cate’s Brother (Matt's Version),Maisie Peters;Matt Maltese,indie-pop,4
User032,Two Bass,Aphrodite,breakbeat,1
User032,Chuva De Novembro,Projota,r-n-b,3
User032,Por Nacer,Almafuerte,heavy-metal,4
User032,O Jesus Nous Voici Comme Autrefois Les Anges (Remastered 2014),Traditional;Les Chanteurs de la Vierge,sleep,3
User032,Lack Of Intelligence,disrupt,grindcore,3
User032,Adhoore,Vishal Dadlani;Alyssa Mendonsa,hip-hop,3
User032,Happy Pills,Weathers,alt-rock,2
User032,ID,Organ Tapes,club,4
User032,the WORLD -TV Size-,Nightmare,metal,1
User032,Posso Mudar Meu Destino,LEALL;Tarcis,brazil,1
User032,"Too Late to Worry, Too Blue to Cry",Ernest Tubb,honky-tonk,1
User032,Hell Or High Water,KISS,hard-rock,1
User032,Senhor Te Quero,Ministério Vineyard,brazil,4
User032,Y Hubo Alguien,Marc Anthony,latin,1
User032,回憶裡沒有冬季,Ekin Cheng,cantopop,3
User032,Echosphere,Alphaxone,iranian,2
User032,Modo Avião - Ao Vivo,Tiee,pagode,5
User032,Across the Nation,The Union Underground,industrial,1
User032,Yoga Bakgrundsmusik,Avslappning Sound,sleep,5
User032,Today - 2011 Remaster,The Smashing Pumpkins,grunge,5
User032,Adora Skyline,Stumbleine,idm,5
User032,I Remember,Tristam,dub,3
User032,Acushnet Avenue At Night,A Wilhelm Scream,hardcore,1
User032,The Band Played On,Glenn Underground,chicago-house,4
User032,Na Hora H / Pra Não Pensar em Você (Ao Vivo),Ícaro e Gilmar,sertanejo,3
User032,Jab Tak,Armaan Malik,pop-film,4
User032,Cores Do Universo,Maneva,brazil,1
User032,Free Falling Love,Lucas Estrada;Stevie Appleton;Solar State,deep-house,3
User032,Super Gremlin,Kodak Black,hip-hop,5
User032,Eye-Water,Hiroyuki Sawano,anime,3
User032,Blessed in the Arms of Servitude,Soilent Green,grindcore,3
User032,Adult Add,Joe Zimmerman,comedy,1
User032,Here Alone,Mindi Dickstein;Jason Howland;'Little Women' Original Broadway Cast,show-tunes,5
User032,We Make Beats,Aux 88,detroit-techno,5
User032,Filipino Baby,Ernest Tubb;Cal Smith,honky-tonk,2
User032,In The Garden,George Jones,honky-tonk,2
User032,In Da Car,NSG;MHD,dancehall,4
User033,Algo Maior - Ao Vivo,Luma Elpidio;Bruna Branco;LE MUSIC;Nathália Blanke;Carol Avelar;Thais Oliveira,gospel,1
User033,How We Do Things (feat. Monty),Fetty Wap;Monty,j-dance,3
User033,Perfect Love,Planetshakers,world-music,5
User033,Main Yahaan Hoon,Madan Mohan;Udit Narayan;Javed Akhtar,indian,3
User033,Lascia,Henrik Janson,guitar,1
User033,Romeo,Moonica Mac,swedish,3
User033,Exhausted Divinity,Niky Nine,club,5
User033,Testimony,Genevieve Melton,piano,2
User033,Introducing the JSA,Lorne Balfe,british,4
User033,Welcome My Friend,OKAMOTO'S,garage,5
User033,De la Carne,Almafuerte,heavy-metal,5
User033,Layla - English Version,DJ Robin;Schürze;R3HAB,party,5
User033,"Piano Sonata No. 2 in B-Flat Minor, Op. 36: II. Non allegro - Lento",Sergei Rachmaninoff;Marko Stuparevic,classical,5
User033,Retrato - Ao Vivo,Louro Santos & Forró da Malagueta,forro,1
User033,I Know You're Not Happy,Powfu,sad,5
User033,Film Credits,Club Kuru,garage,3
User033,Renee Remains The Same,Material Issue,power-pop,1
User033,Partytime,Pal Joey,chicago-house,2
User033,Your Day Will Come,Streetlight Manifesto,ska,3
User033,A Menor Paciência,Matanza,hard-rock,3
User033,The Outsider,Lack Of Afro,afrobeat,3
User033,Execution Style,Soulfly,industrial,3
User033,Every Breath You Take,Kato,anime,1
User033,To the South,Motorama,goth,2
User033,Again & Again,Technikore,happy,2
User033,Lovefool - Radio Edit,The Cardigans,swedish,5
User033,Die Trying,New Model Army,goth,4
User033,Diver,NICO Touches the Walls,anime,1
User033,Catch The Wave,Wibke Komi,study,2
User033,Blisters,The James Hunter Six,british,1
User033,Conxuro - 2015,Mägo de Oz,spanish,1
User033,The Bullets of Vindication,Ekwon,iranian,5
User033,I.F.L.Y.,Bazzi,electro,2
User033,Korans Anthem,Thakara,malay,4
User033,Alma Boêmia,Toninho Geraes,pagode,4
User033,Spirit Nature,Living Room,jazz,4
User033,You Can Cry,Marshmello;Juicy J;James Arthur,progressive-house,3
User034,Antes Que Ver El Sol,Coti;Dani Martín,spanish,3
User034,I Should Have Known Better - Remastered 2009,The Beatles,british,3
User034,As Long As He Needs Me,Winifred Atwell,honky-tonk,3
User034,Putt Putt Butt Butt,Koo Koo Kanga Roo,kids,5
User034,Fire Flower,Summer Salt,garage,5
User034,Se Tenia Que Decir Y Se Dijo,El Coyote Y Su Banda Tierra Santa,r-n-b,1
User034,Loving Each Other 4 Life,Methrone,blues,1
User034,Zero Eclipse,Hiroyuki Sawano,anime,2
User034,Toi - Boris Brejcha Remix,Worakls;Boris Brejcha,minimal-techno,2
User034,Ulayaw,Elise Ryen,sleep,5
User034,I Apologize,Five Finger Death Punch,groove,1
User034,ぐるぐるワンダーランド,SILENT SIREN,j-idol,1
User034,Tired of Sex,Weekend Nachos,grindcore,3
User034,乾杯,Mayday,mandopop,4
User034,Old Rattler - Rerecorded,Grandpa Jones,bluegrass,4
User034,NEVER,XXXTENTACION,emo,4
User034,Please Love Me Forever,Tommy Edwards,rock-n-roll,5
User034,Open Your Mind,Goom Gum,techno,4
User034,Undeniable Proof,Ben Lukas Boysen;Paul Emmerich;Qasim Naqvi,idm,4
User034,Demons,Boyce Avenue;Jennel Garcia,acoustic,3
User034,The Grand Conjuration,Opeth,death-metal,2
User034,Oye Mami,Bad Boy Bill;Nick Rockwell,chicago-house,5
User034,Les belles histoires,Bénabar,french,1
User034,Vire e Mexe,Bonde do Forró,forro,3
User034,Logico #1,Cesare Cremonini,indie-pop,4
User034,Out of My League,Stephen Speaks,acoustic,1
User034,Disquiet,Stumbleine,idm,3
User034,Bulutlarda,Ati242,turkish,5
User034,Condo,Afro B;T-Pain,dancehall,4
User034,The Spice of Life - 2012 Remaster,Everything But The Girl,trip-hop,5
User034,Callas Went Away,Enigma,new-age,3
User034,Thalirila,Bobby Xavier;Saritha Raffi,malay,1
User034,Mehfooz,Ritviz,edm,2
User034,Innisai Paadivarum - Language: Tamil; Film: Thullatha Manamum Thullum; Film Artist 1: Vijay; Film Artist 2: Simran,Unnikrishnan,pop-film,4
User034,See You Again (feat. Charlie Puth),Wiz Khalifa;Charlie Puth,dance,5
User035,Vivo por Ti,Mr Black El Presidente,salsa,1
User035,Money In The Bank (feat. AJ Tracey),Kranium;AJ Tracey,dancehall,2
User035,"Thiyagi Boys - From ""Coffee With Kadhal""",Yuvan Shankar Raja;Hiphop Tamizha,k-pop,3
User035,XTC Love,Bertocucci Feranzano,happy,2
User035,紅塵客棧,Jay Chou,mandopop,2
User035,Free Your Body,Chris Lake;Solardo,deep-house,3
User035,Limelight (NGHTMRE Remix),Just A Gent;NGHTMRE,dubstep,3
User035,Crying Over You - Call Super Remix,Mr. Fingers;Call Super,chicago-house,3
User035,Sorrow & A Cup of Joe,The Other People Place,detroit-techno,1
User035,Voyage voyage,Desireless,disco,1
User035,Shadows,Kitchen Dwellers,bluegrass,4
User035,捨不得,Z.TAO,mandopop,4
User035,Passions,George Skaroulis,new-age,2
User035,The Light Is a Train,Vitalic,electronic,2
User035,O Encanto,Banda Magníficos,forro,4
User035,Flesh and the Power It Holds,Death,death-metal,5
User035,Princess,Big Block Singsong,children,2
User035,Men With Broken Hearts,Hank Williams,honky-tonk,5
User035,難道只有我覺得,Astro Bunny,mandopop,5
User035,Geni E O Zepelim,Chico Buarque,mpb,3
User035,Done With Love,Zedd,techno,1
User035,Pink Noise For Sleep 6,Granular,sleep,4
User035,Drifting Away (ABGT499D3),Grum,progressive-house,1
User035,Yedhalo Oka Mounam - The Innocence of Love,Anirudh Ravichander;Ajesh,hip-hop,4
User035,No Me Des por Muerto,Plan 4,heavy-metal,1
User035,Eloise,Penny and Sparrow,acoustic,4
User035,Mansión de la Adivina (Bonus Track),Rata Blanca,heavy-metal,1
User035,Cotidiano,Orquestra Brasileira de Música Jamaicana,afrobeat,3
User035,Se Preparó,Ozuna,latino,5
User035,From Da Bottom,KD Da Kid,kids,4
User035,Boneman Connection,Nicodemus,dancehall,5
User036,Em Suas Mãos - Ao Vivo,Sorriso Maroto,pagode,4
User036,Enam Lima,Seringai,hardcore,3
User036,Midnite Cruiser,Steely Dan,country,1
User036,Aí Doeu - Ao Vivo,Tayrone;Leo Santana,forro,4
User036,Pai,Marcos Antônio,brazil,1
User036,I Just Want to Make Love to You,Cold Blood,groove,3
User036,Groovy Moves - Plaza De Funk Remix,Break The Box;Ira,breakbeat,2
User036,Rose flash,Orloge Simard,punk,5
User036,Canteiros,Fagner,mpb,4
User036,Doo Wap - Samy Handy God of House Gang Remix,Paul Johnson,chicago-house,3
User036,Mary Melody,Mad Caddies,ska,1
User036,君と歩いた道,Shogo Hamada,j-rock,4
User036,With a Little Help from My Friends (feat. Will Hoge) - Acoustic; Live from Kansas City [Live Acoustic from Kansas City],Shinedown,grunge,1
User036,Saddle Road,Kevin Teves,guitar,2
User036,Murheen mailla,Kotiteollisuus,heavy-metal,4
User036,Muy Cansado Estoy,V8,heavy-metal,5
User036,Amor Completo,Mon Laferte,alternative,4
User036,The Earthling,Cattle Decapitation,grindcore,5
User036,Rejoice,Oba Reengy;Yoski,afrobeat,1
User036,One (Always Hardcore) - Live in Hamburg,Scooter,happy,4
User036,Ring Around the Rosie,The Kiboomers,children,3
User036,La Cascada,Sayulita,sleep,3
User036,Три товарища - Remastered,Maya Kristalinskaya,romance,2
User036,Face Oculta,Trilha Sonora do Gueto,brazil,3
User036,Kili,Santesh,malay,2
User036,Dheere Dheere Se Meri Zindagi Mein Aana,Anuradha Paudwal;Kumar Sanu,k-pop,1
User036,Pot-Pourri: Me Faz um Dengo / Disritmia - Ao Vivo,Roberta Sá;Martinho Da Vila,mpb,5
User036,Tagelang,Edo Saiya;ccola,german,1
User036,Love Is Here to Stay - Maurice Joshua Tome Mix,Maurice Joshua;M. Terrel,chicago-house,5
User036,Bivouac,Recue,idm,5
User036,Estas Comigo (You are for me) - Ao Vivo,Gabriela Rocha,gospel,2
User036,喜欢你,Kit Chan,mandopop,3
User036,Lontano lontano - Cara B,Jorge Drexler,afrobeat,3
User036,Bradshaw's Buddy,Frank Caliendo,comedy,2
User036,Jatti Jeone Morh Wargi,Sidhu Moose Wala;Sonam Bajwa,hip-hop,2
User036,Lost in You,Three Days Grace,grunge,1
User036,Give A Little Bit Of Love - Original Mix,Euphony;Al Storm;Vicky Fee,happy,2
User036,Se Eu Te Pedir Com Carinho,Lucas Reis & Thácio,sertanejo,3
User036,Esqueça Que Eu Te Amo - Ao Vivo,Edson & Hudson;Jorge & Mateus,pagode,2
User036,Un Millón De Años Luz - Remasterizado 2007,Soda Stereo,punk-rock,2
User036,Sonate III Opus 172 Pour Violoncelle Et Piano,Alireza Mashayekhi;Marie-Thérèse Grisenti;Marc Vitantonio;Duo Grisenti Vitantonio,iranian,5
User036,Kitchen - Remastered,The Lemonheads,power-pop,2
User037,Too Young to Die - Pineapple & Palm Tree Mix,TOOMANYLEFTHANDS,electronic,1
User037,More Than Love,Snake River Conspiracy,industrial,2
User037,Meri Ankhon KO Bakhshee Hain Aansoo,Nusrat Fateh Ali Khan,folk,4
User037,Conversation,New Model Army,goth,4
User037,Logo Dou um Jeito - Ao Vivo,Vou pro Sereno,samba,5
User037,Face the Void,Ramshackle Glory,acoustic,5
User037,Starboy,The Weeknd;Daft Punk,pop,4
User037,仮契約のシンデレラ(中卒ver.),Shiritsu Ebisu Chugaku,j-idol,5
User037,Desperta-Me - Ao Vivo,Trazendo a Arca,groove,5
User037,Que Mudança,Mattos Nascimento,gospel,3
User037,Purple Mountain,Scott Cossu,new-age,3
User037,Ennadi Maayavi Nee,Santhosh Narayanan;Sid Sriram,pop-film,2
User037,Meditation Rock,Augustus Pablo,dub,4
User037,世界をかえさせておくれよ,Sambomaster,j-pop,1
User037,This Night,Superchunk,power-pop,4
User037,Desencuentro,Almafuerte,heavy-metal,4
User037,Borderland Sorrows,Slow Meadow,ambient,3
User037,Fatal Attraction (feat. Reese LAFLARE),Boombox Cartel;Reese LAFLARE,electronic,3
User037,The Blazing Monoliths of Defiance,Dimmu Borgir,black-metal,5
User037,1741 (The Battle of Cartagena),Alestorm,british,1
User037,Let Me Love You - Marshmello Remix,DJ Snake;Marshmello;Justin Bieber,edm,3
User037,Set Ta Jogado Pretao,Mc Bruninho da Praia;Mc Kadu;Danielzinho Grau;MC GP;Mc IG,funk,5
User037,Lachen Is Gezond,Kinderen voor Kinderen,children,1
User037,I Love Gays,Mitch Fatel,comedy,3
User037,"Carmen, Act II: No.15 Quintette : Nous avons en tête une affaire (Le Dancaïro/Frasquita/Mercédès/Le Remendado/Carmen)",Georges Bizet;Nicolas Rivenq;Michel Plasson;Wolff;Orchestre National Du Capitole De Toulouse,opera,4
User037,Somos Poucos Mas Somos Loucos,Charlie Brown Jr.,hard-rock,4
User037,Kuttikkurumbi,Sujatha;Vidya Viswambaran,malay,1
User037,At Dawn,Hania Rani,ambient,1
User037,Даже моя бэйби не знает,Poshlaya Molly,electronic,3
User037,I Found You (Neptune),EDX;Jess Ball,deep-house,3
User037,Granada - Live From The Detroit Opera House,Il Volo,opera,1
User037,Spring of Life - Level3-mix,Perfume,j-idol,1
User037,That's the Way Love Is - Deep House Mix-Extended Version,Ten City,chicago-house,5
User037,I Wish I Was There While the Sun Set,Astronoid,black-metal,5
User037,Mr Schwartz,Arctic Monkeys,garage,5
User037,Group Therapy (Messages Pt. 6) [ABGT499D3],Above & Beyond,trance,4
User037,Unsteady,X Ambassadors,alt-rock,4
User037,Could You?,Mindi Dickstein;Jason Howland;'Little Women' Original Broadway Cast,show-tunes,5
User037,Amor a Medio Tiempo - En Vivo,ZAPEROKO La Resistencia Salsera del Callao,salsa,5
User037,Discotete,King Savagge,latino,1
User037,Bad Romance,Lady Gaga,dance,4
User037,Ahab araben,Little Gerhard,rock-n-roll,5
User037,Lewis Black's Cruise,Kathleen Madigan,comedy,2
User037,A Recurring Theme,Cyril Mathews,piano,3
User037,I WANT TO DiE!!!!!,BiS,j-idol,5
User037,Ямщик,Сергей Зыков;Михаил Лихачёв;Алина Атласова,romance,4
User037,最後の春休み,Yumi Matsutoya,j-pop,5
User037,Пролог,Андрей Петров;Олег Басилашвили;Евгения Гороховская;Оркестр Ленинградского государственного академического театра оперы и балета им. С.М. Кирова;Лев Болдырев,romance,2
User037,Wompum VIP,Barely Alive,dub,1
User037,Karma Crush,Alex Cortiz,trip-hop,4
User038,Would? (2022 Remaster),Alice In Chains,grunge,3
User038,Born To Be Wild,Steppenwolf,blues,1
User038,Antes Que los Viejos Reyes,V8,heavy-metal,5
User038,Hardcore To Da Bone - 2012 Edit,Masters of Ceremony,happy,2
User038,Mrs Macaroni,The Wiggles,children,1
User038,What I Must Do,DEVO,synth-pop,2
User038,Solo Para Ti - Noel Holler Remix,Alvaro Soler;Topic;Noel Holler,latin,4
User038,"Tujhe Kitna Chahne Lage (From ""Kabir Singh"")",Arijit Singh;Mithoon,pop-film,4
User038,Delusional Primacy (Part I),Connate Exasperation,iranian,5
User038,Bipolar Disorder - Radio Edit,Kaiserdisco,deep-house,5
User038,Cai No Samba - Ao Vivo Em Brasil/2007,Diogo Nogueira;Xande De Pilares,samba,5
User038,Black No. 1 (Little Miss Scare -All),Type O Negative,goth,2
User038,Música Urbana - Versão Alternativa,Capital Inicial,brazil,3
User038,Threshold,Cybotron;Dillinja,detroit-techno,3
User038,Take My Name,Parmalee,country,3
User038,I Still Have Faith In You,ABBA,swedish,4
User038,Fruta Amarga,Karamelo Santo,punk-rock,4
User038,Oklahoma Smokeshow,Zach Bryan,country,3
User038,ランデヴー,YUKI,j-pop,5
User038,Spring Forward,Tiger Army,psych-rock,1
User038,Your Gravest Words,The Lawrence Arms,power-pop,3
User038,Energía VS Ley,Sekta Core,ska,1
User038,Que sea acabe el mundo por favor,Alex Anwandter,electronic,3
User038,Since I Left You,The Avalanches,psych-rock,1
User038,If I Could,Helen Jane Long,new-age,5
User038,Universe - LIVE,Official HIGE DANdism,anime,4
User038,Escondido Dos Seus Pais,Os Barões Da Pisadinha,forro,3
User038,Devotion,DaniSogen,chill,3
User038,Trac-Trac,Os Paralamas Do Sucesso,mpb,5
User038,Tumhe Dil Lagi Bhool Jani Padegi,Nusrat Fateh Ali Khan,folk,2
User038,Love You So,The King Khan & BBQ Show,blues,3
User038,Página Manchada,Gerson Rufino,gospel,1
User038,Wait for You (feat. Zoe Wees),Tom Walker;Zoe Wees,folk,5
User039,Call of Silence x Zero Eclipse,Samuel Kim,anime,3
User039,Welcome Home (Sanitarium) - Remastered,Metallica,hard-rock,3
User039,Best Is Yet To Come,Gryffin;Kyle Reynolds,edm,4
User039,Efeito Dominó,Kiko Chicabana,forro,2
User039,Copacabana,IZAL,spanish,5
User039,Aankhein Khuli,Jatin-Lalit;Lata Mangeshkar;Udit Narayan;Anand Bakshi,pop-film,1
User039,Kemuri,DJ Krush,trip-hop,3
User039,Diktatur der Lerchen,Broilers,ska,5
User039,57 Miles,Parijat,new-age,4
User039,Shiheki,Cr7z,german,3
User039,The Attack Of The Giant Ants - Remastered,Blondie,power-pop,2
User039,You've Still Got a Place In My Heart,George Jones,honky-tonk,5
User039,Bye Bye Tristeza,Sandra De Sá,samba,1
User039,You Used to Hold Me (feat. Xavier Gold),Ralphi Rosario;Xavier Gold,chicago-house,4
User039,Lonesome Road to Hell,Wednesday 13,industrial,5
User039,Pellinore's Ride,Andrew Marlin,bluegrass,3
User039,Miracle Maker,Dom Dolla;Clementine Douglas,deep-house,1
User039,DYING WISH,畠中 祐,anime,3
User039,The Acid - Original Version,A*S*Y*S,techno,3
User039,I Only Rewind,Tubeway Army,synth-pop,2
User039,KILL CUPID,Dro Kenji;$NOT,sad,2
User039,Pal,Javed-Mohsin;Arijit Singh;Shreya Ghoshal,pop,3
User039,Turn the Screw,Ugly Valley Boys,goth,4
User039,Morticia - 2010 Original Cast Recording from The Addams Family Musical on Broadway,Nathan Lane;Male Ancestors,disney,2
User039,Non Hogkins Lymphoma,Robert Schimmel,comedy,2
User039,Ich tanz dich einfach weg,Michelle,party,2
User039,Rocket Queen,Guns N' Roses,hard-rock,2
User039,3 Promille (Doch da geht noch was),Tobee,party,1
User039,Step Forward,Kite,synth-pop,3
User039,Heavenly Side,ILLENIUM;Matt Maeson,dub,1
User039,Avatar: the Last Airbender,Kato,anime,5
User039,Golpe Fatal,Amado Batista,sertanejo,5
User039,再遇見,Sodagreen,mandopop,5
User039,Espinhos da Vida - Ao Vivo,Matogrosso & Mathias,sertanejo,1
User040,Tuto Bay,The Mauskovic Dance Band,afrobeat,5
User040,Laaj Sharam,Divya Kumar;Enbee;Jasleen Royal,folk,2
User040,The Death & Resurrection Show,Killing Joke,goth,5
User040,Kotnambula Dhanchare,Vedavathi Prabhakar;CHAYA DEVI,classical,4
User040,I Love My Life,Demarco,j-dance,2
User040,If I Never,Ex-Voto,goth,2
User040,Plastique,Plastikman;Richie Hawtin,detroit-techno,2
User040,"Mighty Wings - From ""Top Gun"" Original Soundtrack",Cheap Trick,hard-rock,5
User040,Kol Düğmeleri,Barış Manço,psych-rock,2
User040,Walk with Me,UnityTX,hardcore,4
User040,found & lost,Survive Said The Prophet,j-pop,1
User040,Battle for...,Angband,iranian,4
User040,Geiles Himmelblau,voXXclub,party,3
User040,Revelations,Audioslave,grunge,2
User040,Bachelor Boy,Cliff Richard & The Shadows,rockabilly,4
User040,River Flows in You,Yiruma,classical,5
User040,Will You Hear Me,Dean Evenson,new-age,3
User040,Angele Dei (arr. Kaye),Andrea Bocelli,opera,4
User040,De Más,Cadena Perpetua,metal,2
User040,Biomoid,KnightVision,happy,5
User040,Dil Chahta Hai,Shankar Mahadevan,pop-film,2
User040,Violet,Hole,grunge,3
User040,Notte senza luna,Oleg Pogudin,romance,4
User040,La Bamba,Los Teen Tops,rockabilly,2
User040,Binibini,Zack Tabudlo,acoustic,3
User040,Numbers Help Me Count,Mark D. Pencil,kids,5
User040,Midnight Blues,Snowy White;The White Flames,british,4
User040,Great Mass of Color,Deafheaven,black-metal,4
User040,Big and Ready,Super Cat,dancehall,3
User040,Scared to Be Lonely,Boyce Avenue,acoustic,4
User040,Coração Acelera,Iguinho e Lulinha,forro,5
User040,Joel,Apparat,ambient,5
User040,Fuera de Mi (feat. José Alma),Nyno Vargas;José El Francés;José Alma,spanish,4
User040,Manancial de Águas Vivas - Ao Vivo,Trazendo a Arca,groove,2
User040,Call of the Mountain Battle,From The Vastland,iranian,2
User040,Jhoom,Ali Zafar,pop-film,5
User040,Legions,Winds of Plague,black-metal,2
User040,Rain In Ibiza,Felix Jaehn;The Stickmen Project;Calum Scott,edm,3
User040,44 Double Zero,Hypocrisy,black-metal,1
User040,Dil Laga Liya Maine,Alka Yagnik;Udit Narayan,k-pop,4
User041,11:11,Yung Pinch,emo,5
User041,Olhinhos de Fogueira,Mastruz Com Leite,forro,1
User041,Floorpiece - Extended Mix,Romanthony,chicago-house,5
User041,トロイメライ,PASSEPIED,j-idol,1
User041,Até Quando Esperar,Plebe Rude,brazil,3
User041,MAST MAGAN lo-fi Extended Version,Aadesh Goud,indian,1
User041,Tujhe Dekha To,Lata Mangeshkar;Kumar Sanu,pop-film,2
User041,Let Me Love You - Sean Paul Remix,DJ Snake;Sean Paul;Justin Bieber,electronic,3
User041,The Room at the Top of the Stairs - 2008 Version,Eddie Rabbitt,country,4
User041,life got crazy,mike.,indie-pop,5
User041,Beneath the Reeds,Avslappning Sound,sleep,2
User041,When I Grow Up (feat. Wiz Khalifa),Dimitri Vegas & Like Mike;Dimitri Vegas;Wiz Khalifa,edm,4
User041,Pega na Cabeça,Psirico,forro,1
User041,No Estés Triste,2 minutos,punk,2
User041,Supermoves,Overseer,breakbeat,4
User041,INTRO ~CHAOS CITY~,Ryuji Imaichi,j-dance,3
User041,"Ballet Intermezzo, K.299c (Sketches compl. & orch. E. Smith): 1. (Allegro)",Wolfgang Amadeus Mozart;Academy of St. Martin in the Fields;Sir Neville Marriner,classical,1
User041,Saawan,Bombay Bandook,indian,4
User041,Take You Home (feat. Dia Frampton),Jason Ross;MitiS;Dia Frampton,dub,1
User041,倒帶,Jolin Tsai,mandopop,4
User041,Sinkt das Niveau,Marry,party,5
User041,日常,Nogizaka46,j-idol,3
User041,Tú y las nubes,Juan Perro,spanish,2
User041,热带雨林,S.H.E,mandopop,4
User041,Eso Que Tú Me Das,Jarabe De Palo,spanish,1
User041,Are You Gonna Be My Girl,Jet,alt-rock,3
User041,Twilight Of The Thunder God,Amon Amarth,death-metal,2
User041,Quiver,Darren Styles,happy,1
User041,"Naacho Naacho (From ""Rrr"")",Vishal Mishra;Rahul Sipligunj;M. M. Keeravani,pop,3
User041,The Hole Is Mine,Paul Johnson,chicago-house,1
User041,Still Not a Player (feat. Joe) - Radio Version,Big Pun;Joe,hardcore,3
User041,SI ELLA SUPIERA,India Martinez;Melendi,spanish,2
User041,Cabô Meu Pai / Uma Prova De Amor / Quando A Gira Girou - Ao Vivo,Diogo Nogueira,mpb,2
User041,Tennessee Christmas,Ashley Monroe,country,1
User041,Se Não For Pra Te Adorar - Ao Vivo,Fernandinho,gospel,3
User041,Gefühl ist eine Achterbahn - Version 2019,Patrick Lindner,disco,4
User041,Jaiva Viplavam,Sha Bro,malay,2
User041,"Espírito, Enche a Minha Vida",Jeyzer Maia,brazil,4
User041,Baby Alexander,Peppa Pig Stories,children,4
User041,Realization,Frankie and the Witch Fingers,garage,5
User041,The Kid I Used to Know,Arrested Youth,alt-rock,1
User042,Common State of Inner Violence,Disarmonia Mundi,death-metal,1
User042,WRONGS,Jor'dan Armstrong,afrobeat,3
User042,West Connect (feat. Central Cee),Luciano;Central Cee,german,2
User042,I Won't Lie,Matvey Emerson;Kiismin;Britt Lari,groove,2
User042,Twisted Reality - Edit,Boris Brejcha,minimal-techno,5
User042,Quero Te Encontrar,MAR ABERTO,mpb,5
User042,"Peine Caracol, Vol. 2",El Futuro Fuera De Orbita;Pablo Chill-E,latino,5
User042,Feast or Famine,HELLYEAH,industrial,4
User042,Heart In a Cage,The Strokes,garage,1
User042,Nascente / Mel na Minha Boca / Quando a Gente Ama,FM O Dia;Gustavo Lins;Belo;Dilsinho,pagode,3
User042,Tears of the Dragon (2001 - Remaster),Bruce Dickinson,hard-rock,2
User042,"Ах, короли!",Дмитрий Харатьян,romance,3
User042,Chasing the Now,"Sarah, the Illstrumentalist",study,1
User042,Amiga Mía,Los Prisioneros,alt-rock,1
User042,Amor Necesito de Ti,Los Apus,guitar,2
User042,Cuartito Azul - Remastered,Francisco Canaro,tango,4
User042,Crosses,José González,goth,5
User042,Lost Love,Neb;johto,sad,4
User042,Alles wird wieder OK!,Broilers,ska,1
User042,Boycott Me!,Mischief Brew,acoustic,1
User042,Thumbs Up,Breakfast For Brunch,study,4
User042,Jocelyn Flores - Acoustic Guitar,Celestial Conscience,acoustic,5
User042,"Parsifal, WWV 111 - Concert version / Act 3: Good Friday Spell",Richard Wagner;Bavarian Radio Symphony Orchestra;Eugen Jochum,opera,5
User042,Even So Come - Live,Passion;Chris Tomlin,world-music,1
User042,Our Kingdom,Cryex,hardstyle,5
User042,By The Sword,Da Tweekaz;Hard Driver;Coone,hardstyle,5
User042,Crypt,Tonebox,club,2
User042,Partyanimal,Micha von der Rampe,party,2
User042,Jesus Doesn't Want Me For A Sunbeam,Nirvana,grunge,3
User042,髮如雪,Jay Chou,mandopop,4
User042,Eu Não Vou Mais Chorar - Ao Vivo,Dorgival Dantas,forro,1
User042,"Ente Pranayathin - From ""Chembada""",Najim Arshad;Jyothsna,malay,5
User043,Clout Chaser Pt. 3,Mvntana;Flyy TheProducer;Pyt Ny,club,2
User043,Ring,Cardi B;Kehlani,dance,5
User043,Petite fille,René Aubry,ambient,4
User043,Shadows of Your Love,J.M. Silk,chicago-house,2
User043,Atlantis - Slowed Down Version,Seafret,folk,1
User043,情人節的早晨,于台煙,mandopop,5
User043,"Da-Mi Mana, Toamna",Bucovina,black-metal,3
User043,StarWaves,M83;Anthony Gonzalez;Joseph Trapanese,french,1
User043,Esquece e Vem,Nico Rezende,piano,5
User043,Tu Amigo por Siempre Soy,Doctora Juguetes;Felpita;Lambie;Ronda Rescate,disney,5
User043,Old Metal,Power From Hell,black-metal,5
User043,Lost in Love,Scooter,happy,5
User043,Private Pressing,Dusty Decks,study,5
User043,Track Ten,Juan Atkins,detroit-techno,1
User043,アイ・プット・ア・スペル・オン・ユー,Marilyn Manson,alt-rock,4
User043,California Dreamin',Chris Lorenzo;High Jinx,deep-house,4
User043,Strawberries & Cigarettes,Troye Sivan,dance,1
User043,La Murga de la Virgencita,Patricio Rey y sus Redonditos de Ricota,alt-rock,4
User043,Livin' Easy,Ten City,chicago-house,3
User043,Hold Your Colour - Noisia Remix,Pendulum;Noisia,drum-and-bass,3
User043,Balloon,Crumb,garage,1
User043,In The Red,His Hero Is Gone,grindcore,3
User043,There’s Fear In Letting Go,I Prevail,metalcore,1
User043,Vengeance Is Mine,The Manges,power-pop,3
User043,Yes! No! I Mean Yes! No I Don't!,Leila Bela,iranian,2
User043,"But You Know I Love You - Live From The Louisville Palace, Kentucky / 2002",Alison Krauss & Union Station,bluegrass,1
User043,Dead,Napalm Death,grindcore,5
User043,Un Secreto,Intoxicados,ska,3
User043,Die Lambodado Hymne,"Lukas, Der Rapper",german,2
User043,She Move It Like,Badshah,hip-hop,1
User043,Intuisi,Yura Yunita,jazz,3
User043,"Damn, She Just Broke Up w/ Me",Yxngxr1,sad,5
User043,"我愛官恩娜,都不及愛你的哨牙",my little airport,cantopop,3
User043,Passin' Me By,The Pharcyde,hardcore,2
User043,La Agarro Bajando - En Vivo desde Puerto Rico,Gilberto Santa Rosa,salsa,4
User043,What I Do?,ZaZa,kids,4
User043,The Only Excuse,The 20 Belows,power-pop,2
User043,While the World Let Go,A Rocket To The Moon,emo,2
User043,Bulletproof,Ben Woodward,acoustic,1
User043,12 Rounds (feat. Happi),Becca Folkes;Happi,afrobeat,4
User043,I Hate Myself And Want To Die - 2013 Mix,Nirvana,grunge,1
User044,Ve Svym Stavu,Schyzo;RNZ,emo,2
User044,"I Can't Help Myself (Sugar Pie, Honey Bunch)",Four Tops,disco,1
User044,微熱,My Hair is Bad,j-pop,2
User044,Луна,Valery Obodzinsky,romance,1
User044,Khan e Panjom,From The Vastland,iranian,3
User044,tv,creamy;untrusted;11:11 Music Group,chill,3
User044,Arupathu Ayidichu,Manikka Vinayagam;Malkudi Subha,indian,5
User044,Confetti in m'n Sokken,Gekkenhuys;Fleur,hardstyle,4
User044,THE FINAL COLLISION,LOVEBITES,j-idol,5
User044,Just Like Honey,The Jesus and Mary Chain,punk-rock,4
User044,"Stars so Bright, My Eyes Hurt",Tineidae,idm,3
User044,Nem Vou,Joel Carlo;Pedro Paulo & Alex,sertanejo,1
User044,Não vou me adaptar,Titãs,brazil,2
User044,Amor,Orquestra Voadora,afrobeat,3
User044,She Is Love,Parachute,acoustic,3
User044,En Kadhal Solla,Yuvan Shankar Raja;Tanvi Shah,k-pop,1
User044,Masakali,Mohit Chauhan,pop-film,3
User044,Force Fed the Meds!!!!!!,Omar S,detroit-techno,3
User044,Mangır,Ceg;Aspova,turkish,1
User044,"Operation Black Light - The Otherside Series, Vol. 4",Le Castle Vania,club,3
User044,Everything I Own,Bread,folk,4
User044,Achondroplasiaphobia,Brad Williams,comedy,4
User044,O Tempo Passa,Maneva,r-n-b,4
User044,Friendships,Pascal Letoublon,groove,4
User044,Fim de Nós 2,BIN;Azevedo;Mainstreet;Kizzy,funk,3
User044,Me Dediqué a Perderte,Alejandro Fernández,latin,2
User044,Schreeches from the Silence,Sarcófago,black-metal,4
User044,Tribe of Chemosh,Dawn Of Ashes,black-metal,4
User044,Links und rechts,Rolf Zuckowski,children,3
User044,Gotham - Drumsound & Bassline Smith Remix,A.M.C;Drumsound & Bassline Smith,drum-and-bass,5
User044,Tell Me I'm A Wreck,Every Avenue,emo,3
User044,Bypass,Siavash Amini;Hessam Ohadi;Nima Pourkarimi,iranian,1
User044,LOVE,Mr.Children,j-pop,4
User044,Aventureiro / Duvido / Já Tentei,Grupo Revelação;Suel,pagode,1
User044,Trucks Don't Lie,Tyler Rich,country,4
User044,Dandy,Belchior,samba,5
User044,Unutuldular,Pinhani,turkish,2
User044,Fields Of Gold,Tobias Berntsson,guitar,5
User044,Fresh Prince of Cwmbran,Goldie Lookin Chain,comedy,3
User045,Interestelar,MULAMBA,mpb,1
User045,It's Raining Men,The Weather Girls,disco,1
User045,El Sitio De Mi Recreo,Antonio Vega,spanish,3
User045,Cuando el Amor Se Acaba,Mickey Taveras,salsa,3
User045,Être libre,Alan Menken;Disney,disney,3
User045,202x,Ilija Djokovic,techno,4
User045,24 Horas del Dia,Banda Autentica de Jerez,r-n-b,5
User045,Pasión Prohibida,Barilari,heavy-metal,4
User045,L'histoire commence comme ça (à écouter dans l’ordre),KIKESA,french,2
User045,And No Matches - Remastered,Scooter,happy,4
User045,My Feelings - Raaban Remix,Serhat Durmus;Raaban;Georgia Ku,turkish,3
User045,Me Espera,Sorriso Maroto,pagode,4
User045,Oh Carol,Salon Victoria,ska,1
User045,"我可以不在乎的你 (電視劇《親愛的, 熱愛的》插曲)",Kimberley Chen,mandopop,3
User045,I ett fotoalbum,Lasse Stefanz,country,5
User045,Por Amarte,Juan Ingaramo,alt-rock,4
User045,Niño Jefe - En Vivo,Almafuerte,heavy-metal,3
User045,怎麼了,Eric Chou,mandopop,1
User045,Worms,Mortician,grindcore,1
User045,Maneki Neko,WEDNESDAY CAMPANELLA,j-dance,4
User045,GodDamn,HELLYEAH,groove,3
User045,Ando Con el Carro,Balbi El Chamako,latino,5
User045,Balader,Soolking;Niska,french,2
User045,Salta,Sultan + Shepard,electronic,1
User045,No Names,One True God,club,2
User045,Dræm Girl,No Vacation,garage,5
User045,B.Y.S.,keshi,chill,4
User045,Bizarro,KiLLATK,trance,1
User045,Been A Son - BBC Mark Goodier Session,Nirvana,grunge,2
User045,I Feel the Weight,Jon Kennedy,trip-hop,1
User045,Ex-Quadrilha da Fumaça,Planet Hemp,brazil,2
User045,Pump Up London,Mr. Lee,chicago-house,3
User045,Waves: Soothing Sleep,Ocean Sounds,sleep,3
User045,Jesteś aniołem,Fisher,disco,4
User045,追憶,George Lam;David Ling Jr,cantopop,5
User045,My Hope Is in You,Aaron Shust,world-music,1
User045,Aceito o Teu Chamado,Bruna Karla,gospel,5
User045,Teletema,Kid Abelha,brazil,2
User045,El Reencuentro,Sonia Rivas;YOSHIO,rock-n-roll,4
User045,Mandrake,Kyan,funk,3
User046,Promesas de Amor (feat. Los Ávila Boys),Los Baby's;Los Ávila Boys,rock-n-roll,4
User046,Journey Song,Anupam Roy;Shreya Ghoshal,indian,1
User046,Down Where The River Bends,Old & In The Way,bluegrass,5
User046,Zwischen allen Stühlen,Lacrimosa,goth,2
User046,Que Manera de Perder,Los Hermanos Carrion,rock-n-roll,5
User046,I Remember When,K-Hand,detroit-techno,3
User046,Veinte Ciudades,Luis Alberto Spinetta,punk-rock,4
User046,Sweet Lei Lehua,The Maile Serenaders,guitar,3
User046,Vingança Do Amor,Ivete Sangalo;Pablo,mpb,3
User046,Shinkai,Meitei,ambient,2
User046,Chhodo Kalaiya,Aditya A;Saiwariya,indie,1
User046,Fall Away,Friction;Indiana,drum-and-bass,1
User046,On Repeat / All To Him - Live at Team Night,Hillsong Worship;Jad Gillies,world-music,2
User046,How Do You Do and Shake Hands,Cameron's Bedtime Classics,disney,4
User046,pause,awakened souls,guitar,5
User046,Secret Society,Beat Oven,study,4
User046,Celestial Violence,Ihsahn,black-metal,5
User046,Circle of Life/Nants' Ingonyama,Lindiwe Mkhize;Lebo M.,disney,1
User046,Rubai 34 To 39,Kiawasch Sahebnassagh;Amirhosein Allah Yari,iranian,3
User046,Clear Day,Ima Rayner,piano,3
User046,On The Ground,ROSÉ,k-pop,4
User046,Frosch,Mouse On Mars,idm,2
User046,Suffocate,Kayzo;Bad Omens,dub,5
User046,Mera Dil Bhi Kitna Pagal Hai - Recreated Version,Stebin Ben,pop,3
User046,Safe And Sound,Capital Cities,rock,4
User046,La Noche Sin Tí,Bulldog,punk-rock,2
User046,Låt det regna,Arvid Lundquist,goth,1
User046,Amar ti Mismo,Musica para Acostarse,world-music,2
User046,Count Your Blessings,St. John's Children's Choir,children,1
User046,Big Love - 2018 Remaster,Fleetwood Mac,rock,4
User046,She Say,Vybz Kartel,j-dance,2
User046,Take California,Propellerheads,breakbeat,4
User046,Look At The Mess I'm In,Danielle Bradbery,country,1
User046,體會,Kelly Chen,cantopop,3
User046,My Favourite Game,The Cardigans,swedish,3
User046,Would You,Y.V.E. 48,deep-house,1
User046,Happy Hookers (Goes On..),Dark-E,hardstyle,5
User046,Mi Cuarto 2,Jerry Di;Mariah Angeliq;Kevin Roldan;Guaynaa;Randy;Brytiago;Jd Pantoja;Cuna;Pablo C Fuentes;Neneto,latino,5
User046,Ek Nagma,Lifafa,electronic,3
User046,Brianstorm - Live,Arctic Monkeys,garage,3
User046,"This Isn't Heaven, It Must Be Hell",Louyah,sad,2
User047,Playsom (Mahal Pita Remix),BaianaSystem;Mahal Pita,afrobeat,2
User047,Quiero Ser luz,Los Indios Tacunau,guitar,3
User047,Bright,Echosmith,indie-pop,5
User047,I Started A Joke,Bee Gees,disco,2
User047,Spirit of Life,Blackmill,dubstep,1
User047,Mele Kalikimaka - From The Kacey Musgraves Christmas Show,Kacey Musgraves;Zooey Deschanel,country,2
User047,Mil Canciones,La 25,alt-rock,2
User047,Jeder Tag ist ein Geschenk,Ingo ohne Flamingo,party,2
User047,Adiós Pueblo de Ayacucho,Jaime Guardia,guitar,4
User047,No.1,DISH//,anime,1
User047,From Eden,Hozier,singer-songwriter,3
User047,"Biste braun, kriegste Fraun - Version 2015",Mickie Krause,german,5
User047,Money Over War,Laden,j-dance,5
User047,To Sakaki Mou Ki An Stazi - Live,George Dalaras,guitar,3
User047,Want My Love,Metrik;Elisabeth Troy,drum-and-bass,4
User047,Little Dark Age,MGMT,alt-rock,5
User047,Should I,Rilès,french,2
User047,Sharp Edges,Linkin Park,grunge,5
User047,You're Mine (The Chase),Meiko,acoustic,1
User047,Piazzolla: Oblivion,Astor Piazzolla;Alison Balsom;Guy Barker;Guy Barker Orchestra,tango,1
User047,Avashanai,GWS,malay,3
User047,Spatula City,"""Weird Al"" Yankovic",comedy,4
User047,"12 Variations in C Major on ""Ah, vous dirai-je Maman"", K. 265/300e: Var. 8",Wolfgang Amadeus Mozart;Jan Lisiecki,classical,4
User047,"星星的眼淚 (電視劇《我的時代, 你的時代》插曲)",Xian Zi,mandopop,5
User047,Counting by Sevens Song,Have Fun Teaching,kids,4
User047,Forever and One (Neverland),Helloween,hard-rock,4
User047,Sun Will Shine - James Carter Remix,Robin Schulz;Tom Walker;James Carter,deep-house,5
User047,No Tomo Más,Tomo Como Rey,ska,1
User047,I've Got To Use My Imagination,The Rides,blues,2
User047,Atrocité,DENZO,french,3
User047,Eninde Sonunda,Yedinci Ev,turkish,1
User047,Semesta,MALIQ & D'Essentials,j-pop,4
User047,Nandalaala,Swetha,malay,4
User047,Hot Stuff - Single Version,Donna Summer,disco,5
User047,Don't Dream It's Over (Glee Cast Version),Glee Cast,club,3
User047,Christmas Song,Kurt Rosenwinkel,guitar,2
User047,...And She Never Returned,CKY,industrial,5
User047,Prende la Mecha,Anarkia Tropikal;Evelyn Cornejo;la Chusma Inkonciente;Lucho Bermúdez,ska,5
User047,Focus On Your Own Family,Off With Their Heads,power-pop,2
User047,Ooo La La,Rozei,sad,2
User047,Buyaka,Guaynaa,reggae,4
User047,死性不改,Twins,cantopop,5
User047,The Space Between,Hunter Foster,show-tunes,1
User047,Reverse,Julian Jeweil,minimal-techno,1
User047,Time of India,Sajanka,trance,5
User047,Eres,Soledad,folk,2
User047,Lost with You,Far Out;Ruby Chase,dub,3
User047,The streets of Moscow,Tatiana and Sergey Nikitin,romance,2
User047,A2PRES107 - Original Mix,Chez Damier;Ron Trent;M.D,chicago-house,2
User047,Don’t Let Me Let Go (with ILLENIUM & EVAN GIIA),Dillon Francis;ILLENIUM;EVAN GIIA,edm,3
User048,Not Good Enough For Truth In Cliché,Escape the Fate,metalcore,3
User048,Human Experience,Toneshifterz,hardstyle,5
User048,+,Aitana;Cali Y El Dandee,spanish,3
User048,"Bin Tere Sanam (From ""Yaara Dildara"")",Udit Narayan;Kavita Krishnamurthy,pop-film,1
User048,Lille fugl,Jacob David,piano,3
User048,Bed Pan Man,Tim Wilson,comedy,2
User048,"Seelische Traumreise zum Loslassen und Wohlfühlen, Pt. 10",Gomer Edwin Evans,new-age,5
User048,Hairat,Lucky Ali,pop-film,3
User048,Isis,6t6;Skillibang;DJ Smoak,dancehall,2
User048,Opr,Gesaffelstein,club,3
User048,Aba Pai,Jéssica Augusto;ONE Service,gospel,5
User048,Needs,Verzache,chill,5
User048,24 Horas de Amor - Ao Vivo,Matogrosso & Mathias;Agnaldo Timoteo,sertanejo,1
User048,ННД,Tomorrow,metal,5
User048,Banking,Dj Promo,happy,2
User048,"String Quartet No. 12 In F Major, Op. 96, B.179 - ""American"": 4. Finale (Vivace ma non troppo)",Antonín Dvořák;Emerson String Quartet,classical,5
User048,NIKEYS PT. 2 IN MINT,Yxngxr1,sad,5
User048,Und wir wollten doch mal fliegen,Michelle,party,2
User048,Ain't Got No,David Penn;KPD,deep-house,2
User048,Rose Room,Django Reinhardt,guitar,5
User048,Western Jam,Metrik,drum-and-bass,5
User048,Landa,Cassian,disco,3
User048,The Last Stand,Sabaton,metal,5
User048,Handjes in de Lucht - Vocal Mix,Orlando Voorn,detroit-techno,1
User048,Oru Poovine Nishaashalabham - Female Version,Sujatha,malay,1
User048,Thamirabarani,C. Sathya,pop-film,1
User048,Jura pra Mim / Volta de Vez pra Mim / Abuso de Poder - Ao Vivo,Vou pro Sereno,samba,1
User048,Caminando por la vida,Melendi,spanish,5
User048,Golfinho - Ao Vivo,Art Popular,samba,3
User048,Temper Temper (feat. ONR),Sander van Doorn;ONR,trance,2
User048,Brand New Love,Deadsy,industrial,5
User048,What About Now,Daughtry,grunge,4
User048,Raga Baïragi-Bhaïrav - Drut Tîn-Tal,Ram Narayan;Suresh Talwalkar;François Auboux,classical,5
User048,Leyenda,Phaxe,trance,1
User048,あー夏休み,TUBE,j-pop,4
User048,Innan allt försvinner,Bo Kaspers Orkester,swedish,5
User048,Hon är min,Glenmark Eriksson Strömstedt,swedish,3
User049,Ordsmedar Av Rang,Kvelertak,black-metal,3
User049,Ok Boomer,Julien Bam;Vincent Lee,german,4
User049,Al Sevgilim Anne Ol Bununla,Saian,turkish,2
User049,Phases,Deetox;Elyn,hardstyle,4
User049,Bleed You Dry,Grinspoon,psych-rock,3
User049,Mi Corazón Encantado - Dragon Ball Gt,Ricardo Silva,anime,4
User049,Rus,Lill Lindfors,swedish,1
User049,Allegro En Si Bemol K003,Sweet Little Band,children,1
User049,Mirabels Weg,Germaine Franco,disney,2
User049,"Remember Me (From Disney's ""Coco"")",The Harp and the Piano,disney,4
User049,Italian Radio,Blue October,grunge,4
User049,All With Love,Ömer Balık,deep-house,4
User049,Tenía Que Llegar,Kenia OS,reggae,4
User049,Love (Gaara Rap) [feat. Cg5],Rustage;CG5,anime,2
User049,Nouvelles du monde lointain,Dominique A,french,3
User049,Hon älskar snabbt,Snowstorm,swedish,5
User049,Agora Viu Que Perdeu e Chora - Ao Vivo,Arlindo Cruz,pagode,2
User049,Pûşper,Porya Hatami;Roberto Attanasio;Aaron Martin,iranian,3
User049,Não Deixe Ele Saber - Ao Vivo,John Amplificado;Vitor e Luan,forro,3
User049,Mtg - Em BH o pique é esse VS Pique da Arábia Saudita,Dj Yuri,funk,3
User049,Uso,Babasónicos,electronic,4
User049,アフターダーク,ASIAN KUNG-FU GENERATION,anime,2
User049,I`m a B,Hwa Sa,k-pop,3
User049,Gal Weather,Bounty Killer;Konshens;Jonny Blaze,j-dance,5
User049,"Piano Sonata No.14 in C Minor, K. 457: 2g. Adagio - Pt. 7",Wolfgang Amadeus Mozart;Claire-Marie Le Guay,classical,5
User049,go if you want to,iamjakehill,emo,1
User049,Maha-Kali,Dissection,black-metal,3
User049,cellophane,FKA twigs,trip-hop,2
User049,Old Number Seven,The Devil Makes Three,bluegrass,4
User049,世界のつづき,Ado,j-pop,1
User049,Christmastime,The Smashing Pumpkins,alt-rock,3
User049,straightline,Pete Bernhard,honky-tonk,4
User049,The Power of Your Love - Live,Hillsong Worship;Integrity's Hosanna! Music;Darlene Zschech,world-music,2
User049,Why Did I Answer?,Porsche Love,sad,2
User049,Dry Blood,Highlnd;Alex Venegas,dub,1
User049,Weil sie für immer ist,Mia Julia,party,1
User049,Mad on the Road,Dub Pistols;Ragga Twins,breakbeat,3
User049,My Propeller,Arctic Monkeys,garage,4
User049,Pat-A-Cake,Desmond Dennis,kids,5
User049,Make Me Happy,Lindsay Mendez;Ben Crawford,show-tunes,4
User049,Sleep with One Eye Open,Chris Thile;Michael Daves,bluegrass,2
User049,Niño Bomba,Plastilina Mosh,afrobeat,2
User049,Lone Wolf,Zomboy,dub,3
User049,Lesbians Love Whale Watching,Margaret Cho,comedy,5
User049,Prohibido,Alexander Abreu,salsa,3
User049,Aún Sigo Aquí,Barilari,heavy-metal,2
User049,To Sakaki Mou Ki An Stazi - Live,George Dalaras,guitar,2
User049,Alone in This World,Faith Evans,soul,4
User049,The Blower's Daughter,Damien Rice,singer-songwriter,5
User049,Adagio for Strings,In Element,death-metal,4
User050,Råka tå ei pil,Hellbillies,country,3
User050,Te Assumo - Ao Vivo,Diego & Arnaldo,sertanejo,4
User050,Não Sou Mais Disso - Ao Vivo No Rio De Janeiro / 2003,Zeca Pagodinho,samba,1
User050,Oxossi,Toninho Geraes,samba,1
User050,Stay (Don't Go),Kid Travis,chill,4
User050,It Keeps Rainin',Fats Domino,rockabilly,5
User050,Love You Like Me,William Singe,chill,4
User050,Dominamo Memo,Bruno & Barretto,sertanejo,2
User050,Something We All Adore - Original Mix,Solomun,minimal-techno,2
User050,Sundial Dreams,Kevin Kern,new-age,5
User050,Life on Mars? (Uncut),Seal,british,3
User050,Sábado Rebelde,Daddy Yankee;Plan B,hip-hop,1
User050,Light in the Sky,Project AER,guitar,1
User050,A Dying God Coming into Human Flesh,Celtic Frost,black-metal,3
User050,Aquel tapado de armino,Carlos Gardel,tango,4
User050,For a Minute There,Darrell McCall,honky-tonk,5
User050,Mina De Fé,Waguinho,gospel,4
User050,Human Fly,The Cramps,goth,3
User050,Bennie And The Jets - Remastered 2014,Elton John,piano,5
User050,sleeping on the floor,Powfu,sad,1
User050,Ente Pranayathin,Najim Arshad;Jyothsna,malay,1
User050,God Deciding,Hot Water Music,hardcore,4
User050,Destrózame,INSITE,punk-rock,2
User050,Prisionero,Miranda!,electronic,3
User050,Bronsegud,Kvelertak,black-metal,3
User050,A Barrel Of Monkeys,Rojin Sharafi,iranian,4
User050,Together We - Cantoma Mix,Clannad;Phil Mison,new-age,3
User050,Six Months,Dub Pistols;Gregory Isaacs;Rodney P,breakbeat,1
User050,Ball and Biscuit,The White Stripes,garage,4
User050,Ente Daivam Swarga,Sadhu Kochu Kunju Upadesi,malay,1
User050,Chum Fiesta,Dead To Fall,death-metal,5
User050,Cold World,Jamie Principle,chicago-house,5
User050,Wiener Melarge,Matt Large,study,2
User050,Kaos - Juice Bar Mix,Rhythim Is Rhythim;May Day;Derrick May,detroit-techno,3
User050,Quisiera amarte menos,Los Baby's,rock-n-roll,5
User050,Det hjärta som brinner,Gyllene Tider,swedish,3
User050,"Tá Ruim, Mas Tá Bom",Zeca Pagodinho,samba,1
User050,We Like To Wuki,Wuki;Vengaboys;Yo Majesty,electronic,4
User050,O Coro Vai Come - Ao Vivo,Charlie Brown Jr.,alt-rock,5
User050,Miedo del Olvido,Galy Galiano,salsa,4
User050,Teri Khair Mangdi,Bilal Saeed,hip-hop,5
User050,Someone Like You,Boyce Avenue,acoustic,3
User050,Battle Belongs,Phil Wickham,world-music,5
User050,Stand In Your Love (Radio Version),Bethel Music;Josh Baldwin,ambient,5
User050,Twister (Devil's Dance),Adam Steffey,bluegrass,1
User051,Siphon Then Slit,Magrudergrind,grindcore,1
User051,From the Heart,Psychostick,industrial,4
User051,I'm The Grumpy Old Troll,Dora The Explorer,kids,3
User051,Everything Eventually Ends,L'Impératrice;Rejjie Snow,french,3
User051,Corre Corre - Ao Vivo,Los Hermanos,mpb,5
User051,Vamos Viver,Detonautas Roque Clube,mpb,3
User051,Keep on Dancin',Jovonn,chicago-house,2
User051,"Amor, Amor, Amor",Reginaldo Rossi,j-pop,2
User051,Téir Abhaile Riu,Celtic Woman,opera,5
User051,Starry Sky,April Baxter,piano,5
User051,Mind Over Matter (Reprise),Young the Giant,alt-rock,4
User051,Phoenix Rising,Annihilator,death-metal,5
User051,Más Allá Del Tiempo,Frankie Ruiz,salsa,1
User051,Le moulin,Yann Tiersen,ambient,1
User051,Gettin' Old,Martin Lawrence,comedy,1
User051,"Enna Vilai (From ""Kadhalar Dhinam"")",Unni Menon,pop-film,2
User051,Just Any Moment,Flatt Lonesome,bluegrass,3
User051,Womb With Forest Sounds and No Heartbeat (No Fade for Looping),Silent Knights,sleep,4
User051,Medley: Cuanto Me Gusta Este Rancho / Besos Y Cerezas - En Vivo,Chuy Lizarraga y Su Banda Tierra Sinaloense,r-n-b,5
User051,Trolls - Teil 1,Trolls;Thomas Karallus;Lena Meyer-Landrut;Mark Forster;Friederike Walke;Kerstin Sanders-Dornseif;Nic Romm;Robert Griesbach;Jan-David Rönfeldt;Rubina Nath;Bastian Sierich;Maximiliane Häcke;Bianca Krahl;Patrick Bach;Leonhard Mahlich;Timmo Niesner;Helmut Gauß;Marius Clarén,garage,4
User051,Práctica Espiritual,Reiki Armonía,world-music,2
User051,Every Breath You Take,Kato,anime,5
User051,Faz um Carnaval Comigo,Pedro Luís;Batman Zavareze;Jade Baraldo,mpb,5
User051,After the Quake,Idlefon,iranian,2
User051,Şakalar,Flört,psych-rock,3
User051,Falling for You,Sonic Journey,dub,5
User051,Fantasy Girl - Club Mix,Pierre's Pfantasy Club;J.R.,chicago-house,3
User051,Somebody That I Used To Know,Lúc,acoustic,2
User051,LadoB,Afrocidade,afrobeat,4
User051,Un Novio Se Solicita,Oscar D'León,salsa,5
User051,Charlotte,Jonas Lundqvist,goth,3
User051,Even So Come - Radio Version/Live,Passion;Kristian Stanfill,world-music,5
User051,Um Sonho Louco (Acústico),Bruno & Marrone,sertanejo,3
User051,Merry Xmas Everybody - For Nest Audio Sessions,Bastille,rock,5
User052,Leyenda,Phaxe,trance,5
User052,HELL,G.E.M.,mandopop,4
User052,"You're in Love, Charlie Brown",George Winston,new-age,5
User052,Love Story (You and Me),Randy Newman,disney,3
User052,I've Been Stabbed,Toys That Kill,power-pop,4
User052,Electro Glide In Blue,Apollo 440,breakbeat,1
User052,Volví,Aventura;Bad Bunny,latino,3
User052,Julia,Our Lady Peace,grunge,3
User052,Rifle Shot,Vybz Kartel,j-dance,1
User052,Anahtar,Barış Manço,psych-rock,4
User052,The Boatswain's Song - Demo Recording,Oliver Wallace,disney,5
User052,Group Therapy (Messages Pt. 5) [ABGT499D3],Above & Beyond,trance,3
User052,A Vos Amigo - En Vivo All Boys,Almafuerte,heavy-metal,1
User052,Silent sky,Kiara Leonard,piano,5
User052,The Goldfish,The Laurie Berkner Band,children,4
User052,My Naffew Randy,Omar S,detroit-techno,3
User052,SH-101,Robert Hood,chicago-house,5
User052,Te Canto Un Son,Alejandro Sanz,latin,5
User052,Your Last Time Breathing,D-Ceptor;Re-Fuzz,hardcore,2
User052,Aisi Deewangi,Alka Yagnik;Vinod Rathod,k-pop,1
User052,Fire in My Belly,Penny Jayne Black,british,5
User052,Flauta de Pan,Sonia Rivas,rock-n-roll,4
User052,Puppy Love,KD Da Kid,kids,2
User052,Atom Bomb,Fluke,breakbeat,5
User052,Overthinking,Acid Ghost,garage,5
User052,我真的受傷了,Jacky Cheung,cantopop,4
User052,Revelação,Fagner,mpb,2
User052,Standard American,Gunnar & The Grizzly Boys,country,2
User052,The Nightraver Strikes Again,The Nightraver,happy,1
User052,El Perro Que Todo Lo Mira,Asspera,heavy-metal,5
User052,Do Alto da Pedra,Rosa de Saron,brazil,1
User052,Corrosive Survival,LIK,black-metal,2
User052,"popular girl, typical boy (feat. sleep.ing)",Powfu;sleep.ing,sad,1
User052,Auswärtsspiel,Die Toten Hosen,german,4
User052,I'm The Wolfman,Rockin' Ryan & The Real Goners,rockabilly,3
User052,Offline,Stereoact;Lena Marie Engel,party,4
User052,Echo Chamber,The Ark,swedish,2
User052,Diário de um Detento (Ao Vivo),Seu Jorge;Racionais MC's,samba,4
User052,"Kommet, ihr Hirten",Traditional;Wiener Sängerknaben;Schubert-Akademie;Gerald Wirth,sleep,2
User052,Angels (Singing Gloria),Matt Redman;Chris Tomlin,alt-rock,4
User052,Haciendo Cosas Raras,Divididos,ska,5
User052,You've Got a Friend in Me - Remastered 2015,Randy Newman,disney,5
User052,Cryin',Joe Satriani,guitar,4
User052,Birth of New Life,Drexciya,detroit-techno,1
User052,La Murga de los Renegados,Patricio Rey y sus Redonditos de Ricota,punk-rock,2
User052,24's,JBee,chill,5
User053,WAIT FOR U (feat. Drake & Tems),Future;Drake;Tems,hip-hop,5
User053,Pachaopanamthathe,Sujatha,malay,3
User053,Cerita Kita,Tompi,j-rock,4
User053,Melt into you - Mixed,Ron Trent;Alex Malheiros,chicago-house,5
User053,Perfect / Style,Jonah Baker,acoustic,4
User053,La Cumparsita - Remastered,Carlos Gardel,tango,3
User053,Se Toca Essa Moda,Jads & Jadson,sertanejo,2
User053,Day and Night,Ron Trent,chicago-house,4
User053,故鄉的雨,張偉文,cantopop,5
User053,Thank you Song,CoComelon,children,3
User053,Pa'l Norte - Beauty Brain Remix,Calle 13,afrobeat,5
User053,Alma Cansada,Gerson Rufino,gospel,3
User053,Din Raat,Lifafa,electronic,3
User053,This Selfish Love,Luca Brasi,garage,5
User053,"Impromptu No. 1 in A-Flat Major, Op. 29",Frédéric Chopin;Makiko Takeda,classical,4
User053,Aaina,AFKAP,hip-hop,2
User053,Container Park,The Chemical Brothers,breakbeat,2
User053,Echo,Jim Florentine;Don Jamieson,comedy,3
User053,BachaSalsa Vol. 1,Chiquito Team Band,salsa,5
User053,Spoudaioi Anthropoi Alla,Kostas Chatzis,guitar,3
User053,身騎白馬,LaLa Hsu,mandopop,2
User053,Percolator - Jamie Jones Vault Mix,Cajmere;Jamie Jones,chicago-house,3
User053,Strummer Boy,Dusty Decks,study,3
User053,It's A Shame,Psyche/BFC,detroit-techno,2
User053,"Shins Up, Tins Up",The Beefs,garage,4
User053,Me Deixa - Ao Vivo,Charlie Brown Jr.;Marcelo Falcão,hard-rock,3
User053,Ladioo - Arena-Hitmix,Peter Wackel,party,4
User053,Mindset,Schyzo,emo,3
User053,Ardientes Corazones,Plan 4,heavy-metal,5
User053,"Yes, I Will Wait",Victor Crone,swedish,3
User053,R U Afraid,HVDES,club,3
User053,世界をかえさせておくれよ,Sambomaster,j-pop,1
User053,Meu Bem,NX Zero,emo,5
User053,"The Jig Is Up - Live in Worcester, MA / November 2019",Ice Nine Kills,metalcore,5
User053,Meu Pai É Rastafar-I - Ao Vivo Em São Paulo,Maneva;Oriente;Haikaiss,r-n-b,4
User053,Midnight Escape Finale,Kick Puncher,club,4
User054,House of Gold,Twenty One Pilots,rock,2
User054,Restless Hope,Paul Cardall,new-age,3
User054,Story Of My Life (feat. Trippie Redd) - Heavy Edit,ILLENIUM;Sueco;Trippie Redd,dub,1
User054,"Lyric Pieces III, Op. 43 (Excerpts): No. 4, Liden fugl",Edvard Grieg;Una Bourne,classical,3
User054,Wannabe In L.A,Eagles Of Death Metal,garage,1
User054,Ela Tá Tá Tá,MC Marks;Mc Davi;Mc Don Juan,funk,3
User054,Quiero,Miranda!,electronic,4
User054,Parting Is Such Sweet Sorrow,Nasum,grindcore,3
User054,Heart-Break,Celldweller,industrial,4
User054,Down By The Water,PJ Harvey,psych-rock,2
User054,奏(かなで),Sukima Switch,anime,2
User054,La Yumba - Instrumental,Osvaldo Pugliese,tango,5
User054,Rollercoaster - Home Demo,Everything But The Girl,trip-hop,3
User054,Besvikelsens melodi,Petter,swedish,5
User054,Slow Down Time,Us The Duo,acoustic,3
User054,SVP,Caballero & JeanJass,french,2
User054,Aamake Aamar Moto Thaakte Dao,Anupam Roy,singer-songwriter,1
User054,overwhelmed - Chri$tian Gate$ remix,Royal & the Serpent;Chri$tian Gate$,alternative,5
User054,Frank Mills - Remastered,The Lemonheads,power-pop,5
User054,Sing His Praise Again (Oh My Soul) - Live,Bethel Music;Jenn Johnson,world-music,2
User054,Raining In Virginia,Breaking Grass,bluegrass,2
User054,Case-se Sabendo,Vitor Fernandes,forro,1
User054,Del Tiempo Guapo,Aníbal Troilo;Roberto Fiorentino,tango,5
User054,Telequinesis - Original Mix,Colombo,breakbeat,2
User054,Teri Meri Baatein,Anupam Roy,indian,2
User054,Happy (feat. Kevin Irving) - Original Mix,Bad Boy Bill;Kevin Irving,chicago-house,1
User054,Alive (Studio),Hillsong Young & Free;Alexander Pappas,world-music,1
User054,With All I Am,Hillsong Worship,world-music,4
User054,Tamo Loco,HUGEL;Lorna;Jenn Morel,deep-house,3
User054,Até Me Emocionei,Criolo,afrobeat,4
User054,Surfin' in Tofino,The Planet Smashers,ska,1
User054,Danza Kuduro,Lucenzo;Don Omar,french,2
User054,Carina,James Hunter,british,1
User054,Jesus Christ,The Decemberists,folk,5
User054,"Evanda Enakku Custody (From ""Mahaan"")",Santhosh Narayanan,pop-film,2
User054,Aku Skandal,Hujan,malay,4
User054,People Talking,Robert John Ardiff,dub,4
User054,Koode Thullu,Fejo;Jeffin Jestin,malay,4
User054,Future Starts Slow,The Kills,garage,2
User054,Woh Lamhe Woh Baatein - LoFi,Poorvesh Dave;Kuxh Beats,indian,3
User054,Boqueando de Más,Asspera,heavy-metal,3
User055,Why Wi Chop,Fully Bad,j-dance,1
User055,Prison House,Biga*Ranx,french,1
User055,Viva La Hardcore,Section 1,hardstyle,5
User055,First Step,Hans Zimmer,german,2
User055,Mumma,Kailash Kher,folk,5
User055,Teardrop - Remastered 2019,Massive Attack,trip-hop,1
User055,Juras de Amor,Bruno & Marrone,sertanejo,2
User055,E.T.,Katy Perry,dance,4
User055,So You Think You're In Love,Robyn Hitchcock & The Egyptians,power-pop,2
User055,Cool It (No Saints Remix),Spice;Epik Jones;No Saints,dancehall,1
User055,Bennie And The Jets - Remastered 2014,Elton John,piano,4
User055,forget,Catnapp,club,4
User055,No Se Lo Digas A Ella,Banda Cuisillos,r-n-b,2
User055,The Flame - Single Version,Cheap Trick,power-pop,3
User055,Vaqueiro da Zona Rural,Os Barões Da Pisadinha,forro,1
User055,É Tanta,So Preto Sem Preconceito,pagode,1
User055,Gta Vice City Theme,Megaraptor,heavy-metal,3
User055,Shadows Fire,Ugly Valley Boys,goth,5
User055,Everybody Hurts,R.E.M.,alt-rock,5
User055,BOP,DaBaby,hip-hop,1
User055,Mercy - Live,The Ghost Inside,death-metal,3
User055,孤獨患者(國),Eason Chan,cantopop,3
User055,Remember The Nights,The Motels,synth-pop,4
User055,Hijos del Coraje,Cyclo,spanish,5
User055,Loopable Rain,Deep Sleep Rain Sounds,sleep,5
User055,In the 42nd Street,Absolute Valentine,club,4
User055,The Best Pizza I Ever Had,Blake Rules;Netherfriends,kids,2
User055,Grand Blue,Shonan No Kaze,j-pop,5
User055,Wild Child,The Black Keys,alt-rock,4
User055,Universo Conspirou - Ao Vivo,Henrique & Juliano,sertanejo,3
User055,I'm Gonna Getcha Good - Green Version,Shania Twain,country,2
User055,One Night With You,Arno,blues,1
User055,Dragula - Live,Rob Zombie,industrial,3
User055,"Raiders March (From ""Raiders of the Lost Ark"") [Live]",John Williams;Byron Nelson High School Symphony Orchestra;Gary Keller,guitar,2
User055,listen,wavcrush,study,4
User055,Fantasias - Ao Vivo,Limão Com Mel,forro,3
User055,Arranhão,Kevi Jonny,forro,2
User055,Na Tela,Pitty,hard-rock,1
User055,Frei und schwerelos (from the musical WICKED),Sabrina Weckerlin,show-tunes,3
User056,The Bond We Formed - Slam Remix,Robert Hood,detroit-techno,5
User056,"Touch, Peel And Stand",Days Of The New,grunge,2
User056,No Lo Pienses Mas,Ñejo,latino,2
User056,Tell You What I Did,Pola & Bryson;Zitah,drum-and-bass,5
User056,O pato,João Gilberto,guitar,4
User056,Halloween Train,The Laurie Berkner Band,children,4
User056,Body Language,Vybz Kartel,j-dance,5
User056,Ezhumalai Irukka,K. B. Sundarambal,classical,3
User056,Underneath Our Palms,The Growlers,garage,1
User056,14:08,Dante;Rase,spanish,4
User056,Sad But True,Revenge The Fate,death-metal,1
User056,Hearts of Darkness,Cavalera Conspiracy,death-metal,2
User056,All Your Fears,Freestylers;Scarlett Quinn,breakbeat,2
User056,Chemical Heart,Grinspoon,psych-rock,4
User056,Nezhnost',Maya Kristalinskaya,romance,3
User056,YELL〜エール〜,KOBUKURO,j-pop,2
User056,Taare,Shamoon Ismail,indie-pop,1
User056,Peaches 'n' Cream,PIÑA PINK,study,3
User056,One Summer Day (Spirited Away),Kato,anime,4
User056,Cabelo Molhado,Henry Freitas,forro,2
User056,Atur Aku,Burgerkill,death-metal,4
User056,Ajetaan tandemilla,Tyrävyö;Jimi Pääkallo,punk-rock,3
User056,Hard Worker,The Avett Brothers,bluegrass,3
User056,Violet,Hole,grunge,3
User056,Rave Culture 2022,Sub Zero Project,hardstyle,5
User056,Coplas Patéticas,Joaquín Sabina,spanish,5
User056,Pasar Desapercibido,PXNDX,emo,1
User056,It's Your Love,The Other People Place,detroit-techno,3
User056,Aladin - Tripo Remix,Mandragora;Devochka;Tripo,trance,3
User056,Morada,Sandy,mpb,2
User056,Fearless Dream,Angband,iranian,1
User056,"Ei rautoihin, ei lautoihin",Tehosekoitin,punk-rock,1
User056,Выхожу один я на дорогу,Sergei Lemeshev,romance,4
User056,Liberation,Harold van Lennep,deep-house,3
User056,FOOL'S GOLD,Aries,sad,2
User056,Cloacula: The Anthropophagic Copromantik,Cattle Decapitation,grindcore,4
User056,N.I.B. (2009 - Remaster),Black Sabbath,hard-rock,5
User056,Back to MI6 - From ''No Time To Die'' Soundtrack,Hans Zimmer;Matt Dunkley;John Altman,german,3
User056,Hand Gestures - MAACHINEN Remix,Noisia;Joe Seven;MAACHINEN,breakbeat,1
User057,Poi Vazhva,Santhosh Narayanan;Vijaynarain,pop-film,3
User057,1952 Vincent Black Lightning,Richard Thompson,british,3
User057,Lord Send Revival - Live,Hillsong Young & Free,world-music,5
User057,Tamagotchi,Omar Apollo,soul,2
User057,Bored,Billie Eilish,electro,2
User057,All I Have Is My Smile,LIL DUSTY G,emo,2
User057,Yendo De La Cama Al Living,Charly García,alt-rock,4
User057,Beautiful Girls,J-Que Beenz,acoustic,2
User057,T-Bone Blues,T-Bone Walker,blues,4
User057,"The Beast - From ""Sicario""",Jóhann Jóhannsson,ambient,5
User057,Assassin,Sultan + Shepard,electronic,3
User057,Empty Bench,Alexandre Desplat,french,4
User057,Mi Linda Esposa,Josue,rock-n-roll,5
User057,Hey Girl,Stephen Sanchez,singer-songwriter,4
User057,Sadka,Vishal-Shekhar;Suraj Jagan;Mahalakshmi Iyer,pop-film,5
User057,Barbari (Part II),Franco Chillemi;Remo Girone;Manuela Villa,disney,2
User057,He Was Despised and Rejected of Men (Remastered 2014),Traditional;London Philharmonic Orchestra;The London Philharmonic Chorus,sleep,2
User057,Red de Maracujá,Renanzin Pressão,forro,5
User057,Unguided,The New Pornographers,power-pop,1
User057,一緒に・・・,MAX,j-idol,5
User057,Broken Machines - Mixed,Roy Davis Jr.,chicago-house,4
User057,Eternity - you will never be forgotten,Korsakoff;Outblast,happy,5
User057,Bipolar Disorder - Radio Edit,Kaiserdisco,deep-house,3
User057,Tá Louco Héin (feat. Sorriso Maroto) - Ao Vivo,Turma do Pagode;Sorriso Maroto,pagode,1
User057,Enrico Iv,Astor Piazzolla,tango,5
User057,Vasos Quebrados (Broken Vessels),Marine Friesen,gospel,1
User057,Tonights The Nite - Original Mix,Terrence Parker,detroit-techno,1
User057,Infinity,Metrik,drum-and-bass,5
User057,Revolution 5,Roots Manuva;Charli 2na;Wayne Paul,trip-hop,5
User057,Achy Breaky Heart,Billy Ray Cyrus,country,2
User057,Morto Por Dentro,Barrerito,sertanejo,5
User057,Porz Goret (Neumann KM 140 Version),Yann Tiersen;Alessandro Simonetto,ambient,5
User057,Eu Não Matei Joana d'Arc,Camisa de Vênus,brazil,2
User057,見面三分情,Hong Ronghong,mandopop,2
User057,Manasae Manasae,Yuvan Shankar Raja;Karthik,k-pop,3
User057,Murdera,Chronic Law,dancehall,5
User057,"A New Collar/Jock & Trusty/It's Jim Dear - From ""Lady and the Tramp""/Score",Oliver Wallace,disney,4
User057,Pagal Iravai | Maraigirai,Pranav Das,indie-pop,1
User057,Secret Land '99 - Ultra Violet Radio Edit,Sandra,synth-pop,2
User057,Acid Lick,T78;ROBPM,minimal-techno,5
User057,Croissant Man,Blake Rules;Netherfriends,kids,4
User057,Silentium - Original Mix,Killer Clown,hardstyle,1
User057,Yummy (Jersey Club),Kyle Edwards;DJ Smallz 732,club,5
User057,He'll Lift You Up (feat. Kookie Scott) [Joe Smooth Vocal Mix],Joe Smooth,chicago-house,4
User057,Putt Putt Butt Butt,Koo Koo Kanga Roo,kids,1
User057,PS5 (Fortnite Battle Pass Gamer Remix) [with Alan Walker & Abdul Cisse],salem ilese;Alan Walker;Abdul Cisse,indie-pop,4
User057,Banho de Shopping,DJ BOY;MC Joãozinho VT;Mc Kako;MC Ryan SP;Mc Kadu;MC Cebezinho;Mc Kelvinho,funk,2
User057,I Can't Stop,Flux Pavilion,dub,5
User057,Tender Surrender,Steve Vai,guitar,4
User057,"Berceuse in D-Flat Major, Op. 57",Frédéric Chopin;Wilhelm Kempff,classical,4
User058,Rosa de otoño (Vals),Nelly Omar;Francisco Canaro & His Orchestra,tango,1
User058,Banana,Moliy,alternative,5
User058,4Wheels 9Lives,Ken Yokoyama,j-rock,4
User058,20 Four 7 Savage - Original Mix,DJ Fixx,breakbeat,3
User058,Waltz (ABGT499D3),Above & Beyond,trance,1
User058,E o Vento Levou - Ao Vivo,Calcinha Preta,forro,4
User058,Love Is a Stranger,Eurythmics;Annie Lennox;Dave Stewart,synth-pop,3
User058,I Was There,DJ Zinc;Chris Lorenzo,drum-and-bass,1
User058,Junior Song,Indochine,synth-pop,2
User058,Tá Rocheda,Dodô Pressão,forro,5
User058,"Nasty Girl (feat. Diddy, Nelly, Jagged Edge & Avery Storm) - 2005 Remaster",The Notorious B.I.G.;Avery Storm;Diddy;Jagged Edge;Nelly,hardcore,1
User058,The Burroughs of Carbs,Patton Oswalt,comedy,1
User058,Warrior Elite,D-Ceptor,hardcore,4
User058,Rosie,John Mayer,singer-songwriter,3
User058,Nuh Tell Me Nuttn,Chronic Law,j-dance,1
User058,Thank Heaven I'm Healing,Amy Wadge,british,5
User058,go with u,BAYNK,soul,1
User058,Onze dag - Hardstyle Remix,Zanger Kafke,hardstyle,1
User058,天后,Andrew Tan,mandopop,4
User058,Cool for the Summer,Demi Lovato,dance,1
User058,Besando la cruz,Marco Antonio Vázquez,rock-n-roll,3
User058,"Eline, Gözüne, Dizine Dursun",Ajda Pekkan,turkish,4
User058,"Can't Stop (Seungmin, I.N)",Stray Kids,k-pop,2
User058,和陳五msn - Live,my little airport,cantopop,2
User058,Periquito Pin Pin - En Vivo,Cano Estremera,salsa,4
User058,Show Me Love (2020 Remaster) - StoneBridge Club Mix,Robin S;StoneBridge,disco,3
User058,The Empty Bottle,Archive,trip-hop,4
User058,ヒュッゲ,SHIKI THEATRE COMPANY,disney,4
User058,Reviéntense Todos,Rebel'd Punk,punk-rock,4
User058,The Wolf I Feed,Napalm Death,grindcore,4
User058,Boston,Augustana,acoustic,1
User058,Santo Espírito (Holy Spirit) (feat. Leonardo Gonçalves) - Ao Vivo,Paulo Cesar Baruk;Leonardo Gonçalves,brazil,5
User058,Smooth Operator,Sade,british,2
User058,Androgynous,The Replacements,power-pop,3
User058,Sun In Your Eyes - Sunny Lax Extended Mix,Above & Beyond;Sunny Lax,trance,1
User058,Oyelo,Bahiano,ska,2
User058,Iran Iraq,Mahdyar,iranian,5
User058,Nervous Tics (feat. Holly Walker),Maribou State;Holly Walker,garage,4
User058,All The Things She Said,Ilkay Sencan;Faruk Sabanci,deep-house,5
User058,"年少無知 - (劇集 ""天與地"" 片尾曲)",Bowie Lam;陳豪;黃德斌,cantopop,2
User058,I Lift My Hands,Chris Tomlin,world-music,2
User058,Empty Lightning,Woesum;Oklou,club,1
User058,Tabaco Mascao,Mike Laure,rock-n-roll,1
User058,Reptilian,Hidra,turkish,3
User058,Ghost,Kidz Bop Kids,children,4
User058,Giovanni Tranquillo - Live,Quadro Nuevo,tango,5
User058,Time After Time - Live At Abbey Road Studios,Sam Smith,dance,4
User058,Murda,Seyi Shay;Patoranking;Shadrach Adeboye,dancehall,5
User059,Your Love is Strong,Mezzo Piano,piano,2
User059,Se É Pra Chorar Eu Choro,Lucas Reis & Thácio,sertanejo,2
User059,Como Se O Amanha Não Fosse Chegar - Ao Vivo,Big Up,mpb,4
User059,På bygda,Discocrew,swedish,3
User059,Twinkle (Little Christmas Lights),JD McPherson,blues,2
User059,Higher - Steve Silk Hurley Journey To Heaven,"Steve ""Silk"" Hurley;Vernessa Mitchell;Ricky Dillard;New G.",chicago-house,3
User059,Half of My Heart,John Mayer,singer-songwriter,2
User059,Last Day at the Beach,Will Ackerman,new-age,1
User059,Overwhelmed,Royal & the Serpent,alternative,1
User059,Be Here And Now - Helsloot Remix,Tinlicker;Nathan Nicholson;Helsloot,edm,4
User059,Spoonful,Howlin' Wolf,acoustic,5
User059,Moor Houseman on Bolarus 5,Underground Resistance,detroit-techno,1
User059,Refugee,Wilkinson,drum-and-bass,2
User059,O Que É Que A Baiana Tem,Dorival Caymmi,samba,2
User059,Rape of God,EXNUN,black-metal,1
User059,step into my life,Powfu;sleep.ing,sad,1
User059,Mysterium,Alphaxone,iranian,5
User059,100 Ways To Be A Good Girl,Skunk Anansie,british,1
User059,Pretty Girl From Annapolis,The Avett Brothers,bluegrass,4
User059,Munni Badnaam,Mamta Sharma;Aishwarya,pop-film,5
User059,Speedy Gonzales,Pat Boone,rock-n-roll,1
User059,Abril en Portugal,Los Tecolines,guitar,2
User059,Stack of Leis,Kapono Beamer,guitar,1
User059,I Love It,Icona Pop;Charli XCX,edm,4
User059,Embryonic Journey,Jefferson Airplane,psych-rock,4
User059,A Gente Já Não Rola / Estonteante - Ao Vivo,Mumuzinho,pagode,2
User059,Todo El Mundo Va Bailando Así,GIT,punk-rock,5
User059,Vem amor,LUDMILLA,funk,2
User059,Love Glow,Mokhov,idm,1
User059,"Verdi: Aida, Act 2: ""Su! del Nilo al sacro lido"" (Chorus, Amneris, Aida)",Giuseppe Verdi;Riccardo Muti;New Philharmonia Orchestra,opera,2
User059,El Gordo Triste (with Orquesta Tipica Porteña),Roberto Goyeneche;Orquesta Típica Porteña,tango,5
User059,More than Me,Ian Munsick,country,3
User059,Şarkılar Yazdım,Asu Maralman,j-rock,2
User059,El Cantante - Live,Héctor Lavoe,salsa,5
User059,"Saul, HWV 53: Dead March",George Frideric Handel;London Early Opera;Bridget Cunningham,classical,3
User059,慢冷,Fish Leong,malay,5
User059,Nothing Matters - Sultan + Shepard Remix,Mark Knight;Skin;Sultan + Shepard,deep-house,5
User059,The Sound Of Space,Enrico Sangiuliano,minimal-techno,3
User059,Sordidez,Riff,heavy-metal,2
User059,No Te Quites La Ropa,Maelo Ruiz,salsa,3
User059,E ti prometterò (feat. Laura Pausini),Josh Groban;Laura Pausini,opera,2
User059,Panzer Division Marduk - Live in Warschau 2005,Marduk,black-metal,5
User060,Ente Naadu ( Kannoram Melle Song ),Gowry Lekshmi;Noorin Shereef,malay,4
User060,Toxic,Glee Cast,club,3
User060,S'il suffisait d'aimer,Josh Groban,opera,3
User060,Sweet Nothing (feat. Florence Welch),Calvin Harris;Florence Welch,progressive-house,1
User060,Windsong,Aeoliah,new-age,5
User060,"Aa Kahin Dur Chale (From ""Laawaris"")",Alka Yagnik;Udit Narayan,k-pop,5
User060,Son Of David - Studio,Hillsong Worship;Ben Fielding,world-music,2
User060,"Eat, Sleep, Wake (Nothing But You)",Bombay Bicycle Club,british,4
User060,Sinais - Live,Sorriso Maroto,pagode,5
User060,Mundo de Ilusões - Ao Vivo,Gusttavo Lima,sertanejo,4
User060,Deva Deva (Kannada),Pritam;Sanjith Hegde;Arijit Singh;Jonita Gandhi,indian,1
User060,Where The Wild Things Are,Zeds Dead;ILLENIUM,dub,3
User060,Comfort from Nothing,Killer Be Killed,groove,4
User060,Glaubenskrieg,Feindflug,industrial,5
User060,Bailar (feat. Pitbull & Elvis Crespo),Deorro;Pitbull;Elvis Crespo,progressive-house,3
User060,Aaqa Lelo Salaam Ab Humara,Yasser Desai,pop-film,4
User060,"Malengines Here, Where They Should Be",Trap Them,grindcore,4
User060,On Your Way,Omar S;Diviniti,detroit-techno,2
User060,Answer,ノースリーブス,j-idol,3
User060,Shoelaces,Teeny Tiny Stevies,children,4
User060,I & My Serpents,From The Vastland,iranian,2
User060,TOOTIMETOOTIMETOOTIME,The 1975,alt-rock,5
User060,Guantanamera,Guitarricadelafuente,spanish,4
User060,Enola Gay,Scooter,happy,2
User060,Something in Your Mouth,Nickelback,grunge,2
User060,Eyes A Bleed (RZA Remix),Bounty Killer,j-dance,3
User060,Tubby,Seth Troxler,detroit-techno,2
User060,The Gray Man,Henry Jackman,british,4
User060,Hesperia Soul - Main Mix,Jovonn,chicago-house,1
User060,Say You Love Me,Jessie Ware,british,5
User060,五點鐘去天光墟 - Live,my little airport,cantopop,4
User060,人間という楽器,Nogizaka46,j-idol,4
User060,Alimony,Frankie Ford,rockabilly,5
User060,Love Demons,Peter Cat Recording Co.,electronic,5
User060,Counterfeit,Luca;CLOSR,french,2
User060,"O Tannenbaum, du trägst ein’ grünen Zweig (Arr. Hoffmann & Grabe for Harp)",Traditional;Magdalena Hoffmann,sleep,4
User060,Someone Like You,Boyce Avenue,acoustic,2
User061,Tres Esquinas,Ángel Vargas,tango,2
User061,Sun In Your Eyes - Sunny Lax Extended Mix,Above & Beyond;Sunny Lax,trance,3
User061,Eine Weiße Rose,Tobee,disco,1
User061,Trigger Warning,Ed Solo;Bengal,breakbeat,4
User061,Nobody Likes the Records That You Play,DJ Isaac,happy,3
User061,Funky Beats - Mutantbreakz & Dj Bross Remix,Baymont Bross;Mutantbreakz;Dj Bross,breakbeat,1
User061,Selfie Pulla,Vijay;Sunidhi Chauhan,pop-film,5
User061,Chaudhary,Mame Khan,folk,2
User061,Bring the Boys Back Home,Pink Floyd,psych-rock,1
User061,Death Atlas,Cattle Decapitation,grindcore,3
User061,Temporary Love,Ben Platt,show-tunes,4
User061,西湖沒有中秋,my little airport,cantopop,5
User061,Thangum Karangal,Heritage United Musicians;Stephen Jebakumar;Shweta Mohan;Keba Jeremiah,malay,5
User061,Help! - Remastered 2009,The Beatles,british,1
User061,I Need Your Love,Mini Pop Kids,kids,1
User061,"4 Pieces for String Quartet, Op. 81, MWV Sdr 44: No. 3 in E Minor, Capriccio",Felix Mendelssohn;Arioso Quartett Wien,classical,2
User061,Chauffeur Capo Remix (feat. Tory Lanez),Diljit Dosanjh;Capo;Ikky;Tory Lanez,pop-film,5
User061,Soy Un Desastre,Timbiriche,latin,5
User061,Whatyouwantboi,JBABE,electronic,2
User061,Pop Goes the Weasel,ABC Kids,children,4
User061,Anjo,Dalto,mpb,2
User061,Wild Ones,FM-84;Ollie Wride,synth-pop,3
User061,Colores,Ramona,psych-rock,3
User061,Faithful,Erik Nieder,ambient,1
User061,Allı Turnam,Bağzıları,turkish,2
User061,Tatica Infalivel,Unha Pintada,forro,2
User061,Name on My Shirt,The Dirt Drifters,honky-tonk,1
User061,Un Soñador,Los Roller's,folk,4
User061,Mundo Moderno,Mc Felipe Boladão,funk,2
User061,= (Equal Sign),j-hope,k-pop,5
User061,Take My Hand - Paul Lock Remix,Housenick;Paul Lock,groove,2
User061,Pass the Bottle,Black Eyed Vermillion;The Inheritance,goth,4
User061,Herói dos Heróis - Ao Vivo,Novo Som;Mattos Nascimento;Coral Unidade em Cristo,groove,2
User061,hope for the underrated youth,YUNGBLUD,british,5
User061,23,Burna Boy,dancehall,3
User061,Punaista Ja Makeaa,Popeda,hard-rock,3
User061,Hichkiyaa,Osho Jain,indian,4
User061,Árvore,Fran;Chico Chico,mpb,4
User062,RED,Survive Said The Prophet,j-pop,3
User062,Elon Musk,Demarco,j-dance,3
User062,ABC Song,Tinyschool,children,3
User062,Macabre Operetta,Samael,black-metal,3
User062,"In questa tomba oscura, WoO 133",Ludwig van Beethoven;Luciano Pavarotti;Philharmonia Orchestra;Piero Gamba,german,5
User062,Ghost of Days Gone By,Alter Bridge,grunge,4
User062,never had,Organ Tapes,club,4
User062,Take A Breath,Jay Fung,cantopop,1
User062,ALWAYS,Yoon Mirae,k-pop,4
User062,Anestesiada (feat. Kinky),Los Amigos Invisibles;Kinky,afrobeat,3
User062,(......棕髮少女)(feat. 小野麗莎),吳青峰;Lisa Ono,mandopop,2
User062,Eternal Flame,The Bangles,disco,3
User062,Koohestan,Najand,iranian,3
User062,Not the Same Person,Acid Ghost,garage,4
User062,Staying In,The 20 Belows,power-pop,1
User062,"Red, White and True (feat. Big Fish Original Broadway Cast)",Kate Baldwin;Norbert Leo Butz;Big Fish Original Broadway Cast,show-tunes,5
User062,Elegia,Antonio Garcia Isaac,guitar,2
User062,I Can't Feel My Face,The Smith Street Band,garage,2
User062,Yaarodu Yaaro,Yuvan Shankar Raja;Sultan Khan,k-pop,1
User062,Parisuththam Pera,Sujatha,malay,3
User062,Пара гнедых,Oleg Pogudin,romance,5
User062,Hold On - Mixed,Stanton Warriors,breakbeat,5
User062,海闊天空,Beyond,cantopop,5
User062,Revolution - Inner Sphere Remix,Liquid Soul;Inner Sphere,trance,4
User062,Make Me Feel Weeeird,Together Pangea,garage,3
User062,Cuándo Volverás (Ginny Come Lately),Paco Cañedo,rock-n-roll,2
User062,Manolyam,Zeki Müren,j-rock,2
User062,Petrolina Juazeiro,Alceu Valença,mpb,3
User062,Deixa eu te querer,Gustavo Lins,pagode,2
User062,Siento,Usted Señalemelo;Chico Trujillo,electronic,4
User062,Mi Mayor Venganza,LA INDIA,salsa,5
User062,甚麼是緣份,Samantha Lam,cantopop,2
User062,Wait For The Light To Shine,Hank Williams,honky-tonk,4
User062,Одним целым,PHARAOH,emo,5
User062,Memory,Kane Brown;blackbear,country,3
User062,Tududu,Deluxe,french,3
User062,Unleash The Fire,Sound Rush;Zatox,hardstyle,4
User062,Light Us Up (feat. Calum Scott) - Nick Talos Remix,Matrix & Futurebound;Calum Scott;Nick Talos,drum-and-bass,4
User062,Rick James Style,The Lemonheads,power-pop,4
User062,Our House! - Joe Smooth Funky House Mix,Joe Smooth;George Clinton,chicago-house,2
User062,黒毛和牛上塩タン焼680円 - ちゅうおん2021 Live ver.,Shiritsu Ebisu Chugaku,j-idol,3
User062,El Viento Que Nos Lleva a los Dos,Tunacola,electronic,2
User062,SYSTEMATIC,While She Sleeps,metalcore,2
User062,ごめんなさい,BARBEE BOYS,j-rock,5
User062,Vanisher,CABLE,club,4
User062,Justaju,ZOH,electronic,2
User062,Mean Street Blues,Matt Large,study,5
User063,J’comprends pas,PNL,french,1
User063,En Otros Caminos,Osvaldo Pugliese,tango,5
User063,Alice & June - Mix 2020,Indochine,french,1
User063,In My Life - Remastered 2009,The Beatles,british,1
User063,Lalitha Sahasranama Sthothram,Priya Sisters,classical,1
User063,Go Bananas,Jack Hartmann,kids,1
User063,Lakshya,Shankar-Ehsaan-Loy;Shankar Mahadevan,pop-film,4
User063,狼に口笛を,Nogizaka46,j-idol,2
User063,Divine / Sailing / Time / Hymn - Acoustic,Phil Wickham,world-music,2
User063,透明,G.E.M.,mandopop,1
User063,2000's Party Dance Medley (Cha Cha Slide/Hey Baby/Chocolate Chocco Chocco/Fast Food Song),Rik Gaynor,kids,2
User063,Main Hoon Daasi Teri Datiye,Anuradha Paudwal,k-pop,1
User063,Soul Makossa,Manu Dibango,afrobeat,2
User063,When You Were Mine,Allo Darlin',club,5
User063,"The Sick, The Dying… And The Dead!",Megadeth,alt-rock,4
User063,Unqualified,Ikebe Shakedown,afrobeat,3
User063,Aattinkarayorathe,Manjari,malay,1
User063,One More Rosary,Despise You,grindcore,5
User063,More And More - Single Version,Captain Hollywood Project,techno,5
User063,Bombay to Punjab,Deep Jandu;DIVINE,hip-hop,4
User063,El cielo no entiende,OBK,synth-pop,4
User063,Red Lips (feat. Sam Bruno) - Skrillex Remix,Good Times Ahead;Sam Bruno;Skrillex,electronic,1
User063,Why You Gonna Lie,高爾宣 OSN,mandopop,1
User063,Deixa Brilhar a Luz - Ao Vivo,Novo Som,groove,5
User063,Go West - 2003 Remaster,Pet Shop Boys,synth-pop,5
User063,In Ya Neighborhood,Muck Sticky,comedy,4
User063,Ten Tigers,Bonobo,trip-hop,1
User063,Creo en Ti,Rubén Blades,salsa,1
User063,Kadal,Aromal Chekaver,malay,5
User063,La Vaca Mariposa (El Becerrito),"Albita;Rafael ""Pollo"" Brito",salsa,3
User063,Papo de Samba,Grupo Fundo De Quintal,samba,5
User063,La Melodía,Joey Montana,latino,3
User063,Jezus Malusieńki (Reworked by Hania Rani & Dobrawa Czocher),Hania Rani;Dobrawa Czocher,ambient,1
User063,Tor Monta Sudhu Chai,MJ,reggae,5
User063,This Feeling,Alabama Shakes,blues,4
User063,O Passageiro (The Passenger),Capital Inicial,mpb,2
User063,Out of Time,WRATHE,dub,1
User063,Deep Down - DJB Dub,Ron Trent;Robert Owens;DJ.B,chicago-house,1
User063,Estou de Pé,Rose Nascimento,gospel,5
User063,I Don't Love You Anymore,George Jones,honky-tonk,2
User063,Emotional Crank,Tomppabeats,chill,2
User063,Volta,Johnny Hooker,mpb,2
User063,Hardcore Vibes 2000 (Radio Edit),Dune;Froning,happy,5
User063,And They're Off,Jonathan Groff;Alyse Alan Louis;Jenni Barber;Rema Webb;Bradley Dean;Quentin Earl Darrington;Josh Lamon,show-tunes,5
User063,Imaye Imaye,G. V. Prakash;Shakthisree Gopalan,pop-film,3
User063,Turned Inside Out,Obituary,death-metal,3
User063,redesign,awfultune,indie-pop,3
User063,Vida Longa,Mc Kevin;DJ Negret;Dj Luan MPC,funk,4
User063,Passeio do Bebê,Palavra Cantada,mpb,1
User063,At My Worst (Gustixa Remix),Pink Sweat$;Gustixa,chill,3
User064,History Maker 2021,DEAN FUJIOKA,j-dance,4
User064,Jupiter Sunrise,Kollektiv Turmstrasse,minimal-techno,5
User064,"Help Me, Rhonda",The Beach Boys,psych-rock,2
User064,Hoch in der Luft,Rolf Zuckowski;Sasha;Oonagh,children,2
User064,Urchin,Arca,club,3
User064,Oo Saahiba,Vishal-Shekhar;Sheykhar Ravjiani;Manoj Muntashir,pop-film,1
User064,Living in the Shadows,Matthew Perryman Jones,acoustic,1
User064,Tô Além,Eric Land;Matheus & Kauan,forro,1
User064,`Ula No Weo,The Maile Serenaders,guitar,4
User064,Rat Face,The Spits,garage,4
User064,Filament - LIVE,Official HIGE DANdism,anime,4
User064,Ehrlichkeit und Vertrauen,André Bauer,show-tunes,5
User064,Hush Hush (Don't Be Shy),Anthony Keyrouz;ZANA,electronic,4
User064,Bichotes Con Clase,Brray,latin,1
User064,Lil Bunty,KR$NA,hip-hop,1
User064,Надежда,Oleg Pogudin,romance,2
User064,Gave It,Moneybagg Yo;Big Homiie G,hip-hop,1
User064,Dance Of The Deadless Corpse,Zombie Girl;Sebastian Komor of Icon Of Coil,industrial,4
User064,Nuclear - Rebelion Remix,Unresolved;Jason Payne,hardstyle,4
User064,Bluest Of Blue,a-ha,synth-pop,3
User064,"Hua Hain Aaj Pehli Baar (From ""Sanam Re"")",Amaal Mallik;Armaan Malik;Palak Muchhal,pop-film,5
User064,Roll Over Beethoven - Remastered 2009,The Beatles,british,1
User064,Let Her Go (Acoustic Version),Passenger,folk,5
User064,Rock para el negro Atila,Mastifal,heavy-metal,1
User064,Alhaiya in France,Niladri Kumar,classical,2
User064,FOOL'S GOLD,Aries,sad,2
User064,Ajj kal ve X Awaaz,Jaigo Gill,indian,5
User064,Je t'ai menti,DTF,french,4
User064,Big Things A Gwaan,Mr. Vegas,dancehall,3
User064,Neugeborene Schlafhilfe,Weißes Rauschen HD,sleep,1
User064,Dan (feat. Tuantigabela$),Pee Wee Gaskins;Muhammad Syaifullah,emo,1
User064,主角光環,Kaho Hung,cantopop,3
User064,Yankee Fan / A-Rod,Artie Lange,comedy,5
User064,Viejo Tortoni,Eladia Blazquez,tango,5
User064,Amor Necesito de Ti,Los Apus,guitar,1
User064,季節が君だけを変える,BOØWY,j-rock,2
User064,Djangologie,Babik Reinhardt,guitar,3
User064,I'm Not A Vampire - Revamped,Falling In Reverse,metalcore,1
User064,Svenska Liljor,Stefan Andersson,swedish,2
User064,Be Your Friend‬‬,Vigiland;Alexander Tidebrink,electronic,5
User064,Wajong,Yung Petsi;KA$PER HITS,hardstyle,2
User064,The Work,Frank Turner,acoustic,4
User065,君はロックを聴かない,Aimyon,acoustic,3
User065,One Robot To Another,The Red Chord,grindcore,2
User065,Dicen Que los Hombres No Deben Llorar,Felix Manuel,salsa,5
User065,A festa,Maria Rita,mpb,2
User065,デスコ,QUEEN BEE,j-dance,5
User065,つよがりさん,BiS,j-idol,4
User065,Tigre viejo,Tango Bardo,tango,5
User065,Farewell Blues,Django Reinhardt;Benny Carter,guitar,3
User065,Castle on the Hill,Mini Pop Kids,kids,4
User065,She’ll Be Coming Round The Mountain,Cooltime Kids,kids,2
User065,Sellat,Mehdi Khayami;Maria Grazia Bellocchio,iranian,1
User065,Piya O Re Piya,Atif Aslam;Shreya Ghoshal,pop-film,5
User065,DISCOTEKA,Lola Indigo;Maria Becerra,latin,3
User065,State Of Art - Ryan Elliott Dub,Marcel Dettmann;Ryan Elliott,minimal-techno,1
User065,If I Could I Would,Dirty Doering,minimal-techno,1
User065,My Love (feat. Jess Glynne),Route 94;Jess Glynne,deep-house,4
User065,Manzil,Anupam Roy,indie-pop,2
User065,Иса,Andro,hip-hop,1
User065,Vathikkalu Vellaripravu,Noel Toms;Anju Abraham,malay,3
User065,Common State of Inner Violence,Disarmonia Mundi,death-metal,5
User065,Identity Crisis,Napalm Death,grindcore,5
User065,Aži Dahāka,Therion,black-metal,5
User065,The Dream Left Behind,Graf Orlock,grindcore,4
User065,Make A Wish,Conjure One;Rhys Fulber,new-age,3
User065,Vem Me Amar,Zé Vaqueiro;Vitor Fernandes,forro,1
User065,Five/Four,Mark Broom,minimal-techno,3
User065,En Paz Conmigo,Xenon;Shé,spanish,4
User065,"Stay Close, Don't Go",Secondhand Serenade,piano,4
User065,Laugh While You Can,The Bridge City Sinners,acoustic,2
User065,Walkabout,Blue States,trip-hop,3
User065,Le trou noir,Stupeflip;MC Salo,french,5
User065,Camino Del Sol,Ceriumidis,guitar,4
User066,Traffic Lights,Sara Kays,singer-songwriter,2
User066,Nebula,Orla and the Stars,sleep,5
User066,She Wants Me (To Be Loved),The Happy Fits,j-pop,4
User066,World's Best Mom,Original Cast of Amélie,show-tunes,1
User066,Heavy Metal Love,twocolors,edm,5
User066,OG!,JPEGMAFIA,industrial,3
User066,I'll Go To My Grave Lovin' You,Dailey & Vincent,bluegrass,2
User066,Dark Crow,MAN WITH A MISSION,anime,1
User066,無盡,Supper Moment,cantopop,1
User066,I Need You Lord,Newfound Road,bluegrass,3
User066,Let the Waves Wash Over Me (Prelude),Project AER;v i v,ambient,2
User066,Rooster (2022 Remaster),Alice In Chains,grunge,4
User066,Magic Carpet Ride,Steppenwolf,psych-rock,2
User066,Gabriel - Scroll Mix,Roy Davis Jr.;Peven Everett,chicago-house,4
User066,Waves Sleep,Ocean Waves For Sleep,sleep,3
User066,En La Carcel De Tu Piel,Yiyo Sarante,salsa,3
User066,Sortudo / Legenda - Ao Vivo,Dilsinho;Sorriso Maroto,pagode,1
User066,Disfraz,Los Caligaris,ska,1
User066,You and Me On The Rock (feat. Lucius),Brandi Carlile;Lucius,acoustic,1
User066,Nada Personal,Marc Anthony,salsa,3
User066,Good Luck (feat. Pia Mia) - PS1 Remix,James Hype;Pia Mia;PS1,deep-house,4
User066,sunset chat,sonolon,study,3
User066,Piano Man - Radio Edit,Billy Joel,piano,3
User066,Love$ick (feat. A$AP Rocky),Mura Masa;A$AP Rocky,soul,1
User066,Pure Brown Noise - Loopable with No Fade,Deep Sleep;Relaxation And Meditation;Relax;Ontspanning Sound;Relajacion Del Mar,sleep,2
User066,Dixie Wolf (The Seduction Of...),He Is Legend,hardcore,1
User066,Tiki God,The Presidents Of The United States Of America,grunge,2
User066,I'm Never Gonna Say Goodbye,Billy Preston,disco,4
User066,No Competition,Jass Manak;DIVINE,hip-hop,4
User066,Mördat Mig,WillMan,swedish,5
User066,Biergit (Wo es noch Bier gibt),Klaus & Klaus;Lorenz Büffel,party,5
User066,Groovy Moves - Plaza De Funk Remix,Break The Box;Ira,breakbeat,5
User066,Knights Of The Jaguar,DJ Rolando,detroit-techno,4
User066,Why Me?,Reggie P,blues,1
User066,Hypercolour - ARTBAT Remix,CamelPhat;Yannis;ARTBAT,progressive-house,1
User066,Corazón Mañoso,Dúo Ayacucho,guitar,1
User066,Breathless - Album - Breathless 98,Shankar Mahadevan,pop-film,3
User066,Tingling,Iliza Shlesinger,comedy,5
User066,Her Joy Was Complete,Sleeping At Last,ambient,1
User066,007 A1,ONYVAA,detroit-techno,5
User066,These Sounds Lead the Way,K-Hand,detroit-techno,5
User066,紅蓮,DOES,anime,3
User066,The Enemy Within (Part Two),Dropdead,grindcore,4
User067,Elon Musk,Demarco,j-dance,3
User067,Baladinha Rural - Ao Vivo,US Agroboy,sertanejo,4
User067,Yira Tira,Carlos Gardel,tango,4
User067,The Dolphin's Cry - Live,Live,grunge,1
User067,Quando você chegar,Novos Baianos,samba,5
User067,Hüzün Kovan Kuşu,Cem Adrian,turkish,2
User067,Got News For You,Tanto Metro & Devonte,j-dance,5
User067,Red Mist - VIP,Danny Byrd,drum-and-bass,5
User067,Nothing Like The Oldschool,D-Sturb;Sefa,hardstyle,2
User067,Watercolour,Sanjeeta Bhattacharya;Dhruv Visvanath,singer-songwriter,4
User067,Abcd -Yaariyan,Pritam;Benny Dayal;Shefali Alvares;Yo Yo Honey Singh,indian,2
User067,Ala Pucha Tchê,Gaúcho Da Fronteira;Luciano Maia;Elias Resende;Rodrigo Pires;Oscar Soares;Cristiano Lobo;Lolô;Cristiano Teixeira;Miriam França;Marli França;Valma Ruggieri;Maria Rita;Rubinho,sertanejo,2
User067,"Imenso, Incondicional",Purples,groove,3
User067,Baanina Haniyu,Raghu Dixit,folk,3
User067,To Indo Embora,Di Paullo & Paulino,sertanejo,3
User067,We're Not Gonna Take It,Twisted Sister,hard-rock,4
User067,Mir sin widder do,Brings,party,2
User067,Let Me Live / Let Me Die,Des Rocs,blues,1
User067,Who You Are,Mini Pop Kids,kids,2
User067,Monalisa,Jorge Vercillo,mpb,4
User067,The Party Freeze Song,The Kiboomers,children,3
User067,Jeff Bezos,Joe Zimmerman,comedy,4
User067,Eu Desejo,Pregador Luo,gospel,3
User067,Kawano Hotorino Kinoshitade,Susumu Yokota,idm,4
User067,Medo de avião,Belchior,mpb,1
User067,Fall for You (Acoustic),Secondhand Serenade,piano,3
User067,Nada De Esquecer,Open Farra;Guilherme & Benuto,funk,3
User067,Copacabana Beach,"Sarah, the Illstrumentalist",study,2
User067,I Call You Out,Joey Riot;Teddy,happy,4
User067,Full of Giants,Jobii;Guustavv,study,5
User068,Losing My Mind,Falling In Reverse,metalcore,2
User068,Brighter Than Sunshine,Aqualung,acoustic,4
User068,Te necesito - Remaster 2015,Hombres G,spanish,1
User068,Bombay Sapphire,Rawal;Bharg;Raga,indian,2
User068,Power Lines,Ugly Valley Boys,goth,3
User068,Solang ich Dich hab (As Long As You're Mine) - Wicked,Mark Seibert;Willemijn Verkaik,show-tunes,1
User068,wish you were gay,Billie Eilish,electro,4
User068,"Bhabhi (From ""Maa"")",Sardool Sikander;Amar Noorie,folk,3
User068,"Trademark (From ""James - Kannada"")",Charan Raj;MC Vickey;Aditi Sagar;Chandan Shetty;Sharmila;Yuva Rajkumar,k-pop,5
User068,Gummi Bears Theme,The Disney Afternoon Studio Chorus,disney,4
User068,War of Change,Thousand Foot Krutch,alt-rock,3
User068,Streets of Where I'm From,Old 97's,power-pop,4
User068,How'd You Have Me,Jimmy Eat World,power-pop,3
User068,Time Stands Still,xJ-Will;2Infinity,study,4
User068,Ojalá Que Llueva Café - Live - Estadio Olímpico De República Dominicana/2012,Juan Luis Guerra 4.40,latin,5
User068,Fotografia,Leoni,mpb,2
User068,Classy Women At The Club,Sebastian Maniscalco,comedy,3
User068,The Observer,Kasper Koman,trance,3
User068,Nenn es Liebe oder Wahnsinn - Version 2022,Michelle,party,5
User068,left behind,Pete Bernhard,honky-tonk,2
User068,Skijt Oan De Rest,De Doelleazen,happy,4
User068,Carpinteiro do universo,Marcelo Nova;Raul Seixas,punk-rock,3
User068,a new moral low ground,Architects,metalcore,2
User068,Chori Chori Chupke Chupke - Chori Chori Chupke Chupke / Soundtrack Version,Alka Yagnik;Babul Supriyo,k-pop,4
User068,Down Where The River Bends,Old & In The Way,bluegrass,3
User068,Vem tänder stjärnorna,Eva Dahlgren,j-pop,3
User068,PLAYER,PASSEPIED,j-idol,4
User068,Vulgo Malvadão (feat. mc jhenny) - Ao Vivo,Biu do Piseiro;mc jhenny,forro,5
User068,Vai Dar Match - Ao Vivo,Suel;Turma do Pagode,pagode,2
User068,Distance Experience,Alphaxone,iranian,3
User068,Foi Graça / Maravilhosa Graça - Ao Vivo,Fernandinho,gospel,4
User068,Primadonna,MARINA,alternative,3
User068,回到過去,Jay Chou,mandopop,4
User068,Momentum,Amaranthe,goth,3
User068,Brilhe,Roberto Garcia,disney,1
User068,Blind vom Licht der vielen Kerzen - MARIE ANTOINETTE - DAS MUSICAL,Marie Antoinette (Original Soundtrack),show-tunes,5
User068,No Escape,Rude Convict;MC Flo,hardstyle,2
User068,Cloudology,Moomu,sleep,5
User068,Don't Stand In Line,Pailhead,industrial,5
User068,光合成希望,Nogizaka46,j-idol,2
User068,Adventurous - Edit,Concept Art,hardstyle,5
User068,Pa Callar Tus Penas,Cami,latin,1
User068,Shape Of A Dream,Sailors Of The 7 Seas,sleep,4
User068,Прощание с любимой,Valery Obodzinsky,romance,2
User068,Rock And Roll All Nite,KISS,hard-rock,4
User068,Let Me See You Buttefly - DJ Deeon Remix,Paul Johnson;DJ Deeon,chicago-house,3
User068,Row Row Row Your Boat (Trap Remix),Pj Panda;ML3V LLC,kids,1
User068,Gül Bebeğim,Barış Manço,psych-rock,4
User068,Ain't No Stopping Us Now,Envine;Shockwave,hardstyle,4
User069,Shhhh Waves and Gulls,Silent Knights,sleep,3
User069,Minha filosofia,Casuarina,mpb,2
User069,Creamer,Timothy Infinite,study,3
User069,Затворница,Oleg Pogudin,romance,2
User069,Puro Êxtase - Ao Vivo,Frejat,brazil,4
User069,Calinda - Original Mix,Sean Finn,german,4
User069,超絶☆ダイナミック!,Kazuya Yoshii,j-rock,1
User069,Callas Went Away,Enigma,new-age,4
User069,Los Pájaros,La Rue Kétanou,french,5
User069,Bitching - 1996 Remaster,The Stranglers,synth-pop,4
User069,Maanathu Udichathu,Najim Arshad;Saptaparna Chakraborthy,malay,5
User069,Forget to Remember - From Saw II - Original Soundtrack,Mudvayne,groove,4
User069,Who You Love (feat. Katy Perry),John Mayer;Katy Perry,singer-songwriter,5
User069,Jamming,Sweet Little Band,children,5
User069,Cantares de Navidad,Billo's,salsa,4
User069,When I Look Into Your Eyes,Firehouse,hard-rock,5
User069,Todaiji Temple,P.A.V,french,1
User069,Thunderstorm: Relaxing Storm - Loopable,Thunderstorms HD,sleep,3
User069,Bir Şehri Düşlemek,Ilkay Akkaya,turkish,5
User069,Squad Up,Netsky;Jimmy Jams,drum-and-bass,5
User069,Strings Attached,Dusty Decks,study,1
User069,Isso Aquí Tá Bom Demais,Dominguinhos,forro,1
User069,Hold On (ASOT 1058) - Madwave Remix,Armin van Buuren;Davina Michelle;Madwave,trance,2
User069,"This Is A Call - Live at Walker Air Force Base, Roswell, NM - June 2005",Foo Fighters,grunge,3
User069,Whiskey Lullaby (feat. Alison Krauss),Brad Paisley;Alison Krauss,country,2
User069,Vacaciones En Chile - Original Mix,Ilario Alicante,minimal-techno,5
User069,Ketto,Bonobo,trip-hop,1
User069,Não Acaba Não,Manim Vaqueiro;NATTAN,forro,5
User069,(Dance with the) Guitar Man,Duane Eddy;The Rebelettes,rock-n-roll,4
User069,Forever and One (Neverland),Helloween,hard-rock,3
User069,Yellow SUV,Krystina Alabado,show-tunes,4
User069,Krishna Theme (Flute),Paras Nath,indian,1
User069,"Mudhal Nee Mudivum Nee Title Track (From ""Mudhal Nee Mudivum Nee"")",Darbuka Siva;Sid Sriram,pop,1
User069,Blow Us All Away,Ariana DeBose;Sasha Hutchings;Ephraim Sykes;Lin-Manuel Miranda;Original Broadway Cast of Hamilton;Anthony Ramos,show-tunes,1
User070,Tough Enough,Ex Hex,power-pop,2
User070,La Bikina,Gilberto Puente,guitar,5
User070,Marihuana Cura,Chulito Camacho,spanish,5
User070,Typhoons,Royal Blood,garage,5
User070,Tourner dans le vide - Version Orchestrale,Indila,french,5
User070,All Out,Shane O,dancehall,5
User070,Vogellisi,Peter Wackel,party,2
User070,Agamamou,Art Popular,pagode,4
User070,Som da Roça - Ao Vivo,Os Barões Da Pisadinha,forro,3
User070,You're a Woman,Bad Boys Blue,disco,4
User070,莎拉 - Sarah -,Crazy Ken Band,rockabilly,4
User070,Walk With Me,Felix Da Housecat,chicago-house,5
User070,Amores de barra,Ella Baila Sola,spanish,5
User070,Find It,Elephant Man,j-dance,2
User070,Don't Wanna Know - Acoustic Version,The Mayries,acoustic,3
User070,Woman Is The Root Of All Evil,Dr. John,blues,1
User070,カメレオン,King Gnu,j-pop,4
User070,Off the Deep End,fenekot,chill,1
User070,Let Me Fall Apart,Light The Torch,metalcore,3
User070,Te Quedó Grande la Yegua,Natalia Jiménez,spanish,4
User070,Piggy,Nine Inch Nails,industrial,1
User070,ダンシング・ウィズ・ア・ストレンジャー,Sam Smith;ノーマニ,dance,1
User070,Raindance,Hov1,swedish,2
User070,Basics,TWICE,k-pop,3
User070,Circle Of Life - Remastered,Elton John,piano,3
User070,KING BITCH,QUEEN BEE,j-dance,3
User070,People Say They Don't Watch Tv,Todd Glass,comedy,4
User070,Don't Let The Sun Go Down On Me,Elton John,piano,2
User070,Love Like This (feat. Fireboy DML),Lil Kesh;Fireboy DML,dancehall,5
User070,Show do Milhão,Tz da Coronel;CalliCartel,funk,4
User070,Queima de Novo - Live,Tony Allysson,brazil,3
User070,Loops & Things 2010 - Original Mix,Zatox;Tatanka,hardstyle,4
User070,Worlds of Space - Edit,Sound Rush,hardstyle,1
User070,Sheila Ki Jawani,Sunidhi Chauhan;Vishal Dadlani,pop-film,4
User070,Photo,RICEWINE,garage,4
User070,"Taki Taki (with Selena Gomez, Ozuna & Cardi B)",DJ Snake;Selena Gomez;Ozuna;Cardi B,dance,3
User070,Lying from You - Live LP Underground Tour 2003,Linkin Park,grunge,1
User070,Yolu Yok (feat. Zerrin),Serhat Durmus;Zerrin,turkish,3
User071,Thunderstorm: Gentle Thunderstorm - Loopable,Thunderstorms HD,sleep,1
User071,Lalo Caught Me Dancin',Llorca,trip-hop,1
User071,Dr. Fate,Lorne Balfe,british,3
User071,Shiawasenomonosashi,Mariya Takeuchi,j-idol,1
User071,Broken Glass,The Crystal Method,breakbeat,2
User071,Guns Or Butter,Hot Buttered Rum,bluegrass,2
User071,Soy Pandillero,Los Pandilleros,rockabilly,5
User071,Makita,Troglauer,party,2
User071,Afterning,Luke Vibert,idm,5
User071,Take Me,Miso,chill,2
User071,i swear i'll never leave again,keshi,chill,3
User071,Дождик осенний,Oleg Pogudin,romance,5
User071,I'm Not Sorry,Hardwell;Mike Williams,progressive-house,4
User071,The Chapel,Edgar De Vries,piano,4
User071,RUH,Kamufle;Contra;Mali Green,turkish,2
User071,ボーイズ・ミーツ・ワールド,Macaroni Empitsu,anime,4
User071,Sobrevivi,Gerson Rufino,gospel,2
User071,"Hard Talk, Pt. 2",TJ Cream;Marko,afrobeat,2
User071,Heretic,Oli XL,club,4
User071,Nido De Almas,Malon,heavy-metal,4
User071,Bahia com H,João Gilberto;Caetano Veloso;Gilberto Gil,guitar,1
User071,Outras Freqüências - Ao Vivo,Engenheiros Do Hawaii,mpb,5
User071,Prisma,Aril Brikha,detroit-techno,2
User071,Inconceivable?,Napalm Death,grindcore,4
User071,Sunrise on the Sea,Dan Gibson's Solitudes,new-age,5
User071,Sorma,Can Gox,turkish,4
User071,Superior Race,Dopplereffekt,detroit-techno,4
User071,Emerald Tuesday,Cibo Matto,trip-hop,1
User071,The Eagle Flies Alone - edit,Arch Enemy,death-metal,2
User071,Let's Twist Again,Chubby Checker,r-n-b,2
User071,Luisa Miller / Act 2: Quando le sere al placido chiaror d'un ciel stellato,Giuseppe Verdi;Luciano Pavarotti;National Philharmonic Orchestra;Peter Maag,opera,3
User072,Candle In The Wind - Remastered 2014,Elton John,piano,5
User072,Blue Monday - Single Mix,Orgy,industrial,1
User072,"Se Eu Aprendi a Te Amar, Aprendo a Te Esquecer - Ao Vivo",Taty Girl,forro,5
User072,To Know You Is To Love You,B.B. King,blues,2
User072,Aglomerar Latinha (Era Pra Ser Ao Vivo),Fiduma & Jeca,sertanejo,3
User072,sun moon,SILENT SIREN,j-idol,3
User072,Good With God,Old 97's,power-pop,2
User072,Body Farm,Miasmatic Necrosis,grindcore,4
User072,Wäscheständer,CONNY,german,1
User072,maybe we need a break,slchld,chill,3
User072,All In All,Chris Tomlin,world-music,4
User072,Sundari Kannal Oru Seydhi - Thalapathi - Tamil,Noel Toms,malay,5
User072,Tormented,Mortician,grindcore,3
User072,O Que Será (A Flor Da Pele),Milton Nascimento;Chico Buarque,mpb,5
User072,Techno Cumbia,Selena,latin,4
User072,Paradis inanimé - N°5 On Tour Live,Mylène Farmer,synth-pop,5
User072,De Borest,Kuase Nada,brazil,4
User072,Cut Me,Mushroomhead,industrial,5
User072,Colder Heavens,Blanco White,british,1
User072,Just Rhymin' with Biz,Biz Markie,hardcore,3
User072,素敵な夢を叶えましょう,サザンオールスターズ,j-pop,3
User072,愛如潮水,Jeff Chang,mandopop,4
User072,我以為你不會出現 (UAG安全感形象曲),告五人,mandopop,5
User072,Camino del Cielo,Dúo Wayra,guitar,2
User072,System Check,Roni Size;Reprazent,breakbeat,3
User072,Elysium (I Go Crazy),Ultrabeat;Scott Brown,techno,5
User072,Homenzinho Torto (Playback),Aline Barros,gospel,5
User072,"Gib Mir, Gib Mir, Gib Mir!",Stereoact;Julia Lindholm,party,1
User072,Partes de un Avión,Los Caligaris,ska,2
User072,Stuck with U,Mini Pop Kids,kids,3
User072,A quién le importa,Alaska Y Dinarama,synth-pop,1
User072,BURN IT DOWN,Linkin Park,alternative,2
User073,I'm Hungry - Original Mix,Roy Davis Jr.,chicago-house,1
User073,April Rain,BigRicePiano,anime,2
User073,Brown Noise For Sleep 9,Granular,sleep,3
User073,Cloud Rider,Paul Kalkbrenner,minimal-techno,2
User073,Multinational Murderers Network,Nasum,grindcore,5
User073,Kamini,K. S. Harisankar,malay,4
User073,Hidden Empire,Marcel Fengler,minimal-techno,4
User073,hangover,Wibke Komi,study,5
User073,Veilinghallen,Dither;Da Mouth of Madness,idm,2
User073,Expert Daddy Pig,Peppa Pig,british,5
User073,All My Loving (Original Version),Masaharu Fukuyama,acoustic,4
User073,City Of Dreams - Radio Edit,Dirty South;Alesso;Ruben Haze,progressive-house,4
User073,Survival of the Fittest,Mobb Deep,hardcore,2
User073,The Piston Cup,Randy Newman,disney,4
User073,Real-X,2 Brothers On The 4th Floor,happy,5
User073,Guts,ACN Music.,anime,2
User073,Peru - Remix,Fireboy DML;21 Savage;Blxst,dancehall,5
User073,Lukaku,D’MASIV,malay,2
User073,Blue Orchid,The White Stripes,blues,4
User073,En la Eternidad,Plan 4,heavy-metal,3
User073,Pardon Me,Incubus,grunge,2
User073,Lábios Divididos,Moleca 100 Vergonha,forro,2
User073,Atlantis (Sped Up),fenekot,chill,3
User073,Anarchy - LIVE,Official HIGE DANdism,anime,4
User073,Zé Ninguém,Biquini Cavadão,brazil,5
User073,Digitais - Ao Vivo,Isabella Taviani;Moska,mpb,1
User073,Picante,Busy Signal,j-dance,3
User073,Bohemia,Allen Watts;Yoshi & Razner,trance,1
User073,When I'm Alone,HVDES;sharks!,club,4
User073,Thank You,TB1,afrobeat,2
User073,Ich Bin Dein Co-Pilot 2010 - Radio Edit,Matthias Carras,disco,2
User073,Tell Me Something Good,Ewan McVicar,techno,4
User073,Christmas Is Here - Radio Edit,Michael W. Smith,world-music,5
User073,Кораблик,"Группа ""Загадка""",romance,5
User073,Penny Lane - Remastered 2009,The Beatles,british,4
User073,Innocent,Our Lady Peace,grunge,4
User073,Pocahontas,Trampled by Turtles,bluegrass,4
User073,Drowsy,Banes World,garage,4
User073,ねぇ、ねぶって,Maharajan,j-dance,4
User074,Histoire du tango: III. Nightclub 1960,Astor Piazzolla;Nora Lee García;Rene Izquierdo,tango,2
User074,Amargo Adios,Inspector;Panteon Rococo,alt-rock,1
User074,青空のゆくえ,Shogo Hamada,j-rock,5
User074,The Wind - Remastered 2021,Yusuf / Cat Stevens,british,1
User074,Devour - Live from Washington State,Shinedown,grunge,2
User074,feel the night,Sayaka Yamamoto;Kai Takahashi,j-idol,3
User074,El Secreto,Los Caligaris,ska,1
User074,Crick Neck,Sean Paul;Chi Ching Ching,dancehall,3
User074,Post Human,Lucille Croft,club,2
User074,Don't You Worry Child - Radio Edit,Swedish House Mafia;John Martin,edm,5
User074,Love Docchi♡,Last Idol,j-idol,3
User074,Je Kawta Din - Male,Anupam Roy;Anindya Chatterjee,singer-songwriter,2
User074,Straight Outta Compton,N.W.A.,hardcore,4
User074,Beast,KMFDM,industrial,5
User074,Satisfacción,Los Apson,rock-n-roll,4
User074,Trying To Find Home,Toronto Is Broken;Jodie Carnall,idm,5
User074,Ten,Melorman,idm,5
User074,Te Adoro Senhor - Ao Vivo,Trazendo a Arca,groove,1
User074,Hear Me Now,Alok;Zeeba;Bruno Martini,house,5
User074,Dream Lover,Bobby Darin,rock-n-roll,1
User074,No-Operative - Audio Remix,State of Mind;Audio,drum-and-bass,3
User074,Moan - Trentemøller Dub Remix,trentemøller,minimal-techno,5
User074,Gas 2,Underaiki,emo,3
User074,Kuraakaani,Sajjan Raj Vaidya,indie-pop,5
User074,Así Es la Vida,Barilari,heavy-metal,1
User074,O Que É Que Você Viu em Mim? - Ao Vivo,Hugo Del Vecchio;Marília Mendonça,sertanejo,4
User074,God = Dog,Behemoth,black-metal,5
User074,Don't Send Me No Angels,George Jones,honky-tonk,2
User074,Relapsing in Agony,Goretrade,death-metal,4
User074,I Just Love You Baby,Lipsika;L. V. Revanth,indie,1
User074,Look To The Sky,Antônio Carlos Jobim,brazil,2
User074,Suffocate,Kayzo;Bad Omens,dub,3
User074,給Face雜誌的記者Ivy,my little airport,cantopop,1
User074,Mi Corazón Encantado - Dragon Ball Gt,Ricardo Silva,anime,4
User074,Heavy Rain on a Metal Rooftop,Sound Ideas,sleep,3
User074,Jag Skulle Dö För Dig,Steget,goth,3
User074,Eiswinter,Kölsch,minimal-techno,1
User074,Aathi,Anirudh Ravichander;Vishal Dadlani,hip-hop,4
User074,(Don't Fear) The Reaper,Blue Öyster Cult,blues,1
User074,Ana Maria,"Santanna ""O Cantador""",forro,2
User074,Ethereal,Dirk Maassen,ambient,2
User074,ガラスを割れ!,Keyakizaka46,j-idol,5
User074,The Waltz Of The Wind,Hank Williams,honky-tonk,3
User074,Por La Vuelta,Floreal Ruiz,tango,5
User074,Metalingus,Alter Bridge,alt-rock,4
User075,Blusa Vermelha - Ao Vivo,Leonardo;Eduardo Costa,sertanejo,5
User075,e0,Autechre,idm,2
User075,Everything I Touch Turns to Tears,The Coffinshakers,goth,2
User075,La dernière vision,Germaine Franco,disney,2
User075,The Kingdom of Dreams (Main Title Theme),David Buckley,british,1
User075,A Moça do Sonho,Chico Buarque,mpb,5
User075,The Last Revelation,Deströyer 666,black-metal,3
User075,O Céu Tem Mais,Valesca Mayssa;Sarah Farias,gospel,5
User075,Stinking Rich,Peter Bibby,garage,3
User075,Phutki Jaaney Jovan,Sajjan Raj Vaidya,indie-pop,5
User075,Hanss - Original Mix,Colombo,breakbeat,5
User075,En Mil Pedazos,Plan 4,heavy-metal,2
User075,Mind Overload,Ram Trilogy,drum-and-bass,3
User075,Dinosaur Song,CoComelon,children,3
User075,MORE,j-hope,k-pop,3
User075,Forrozeira Linda (Mulher Doideira) (Ao Vivo),Aviões do Forró,forro,5
User075,The Spirit of God,Paul Cardall,new-age,3
User075,Under the Altar,Witchery,black-metal,5
User075,Potion (with Dua Lipa & Young Thug),Calvin Harris;Dua Lipa;Young Thug,electro,1
User075,Jeet 2.0,Ritviz,edm,2
User075,Ascend,Delta Heavy,drum-and-bass,4
User075,Deathmask,Exhumed,grindcore,1
User075,I Follow You feat. Jantine,Frontliner;Jantine,hardstyle,3
User075,"Ilusión, Oh ilusión",PXNDX,emo,2
User075,Mountain Man,Ugly Valley Boys,goth,2
User075,Ethir Neechal,Anirudh Ravichander;Yo Yo Honey Singh;Hiphop Tamizha,hip-hop,2
User075,Curious Beauty,Dan Gibson's Solitudes,new-age,2
User075,"Tum Hi Aana (From ""Marjaavaan"")",Payal Dev;Jubin Nautiyal,pop,3
User075,Fuckboi (feat. Conquer Divide),Electric Callboy;Conquer Divide,metalcore,2
User075,By the Sword,iamjakehill,emo,4
User075,Arım Balım Peteğim,Nesrin Sipahi;Süheyl Denizci Orkestrası,turkish,4
User075,This Track Is Not Called 8 Ball,Kyle Kinane,comedy,2
User075,Affected By Sound - Radio Edit,Korsakoff;Decipher,happy,5
User075,Zé Ninguém - Ao Vivo,Biquini Cavadão,ska,3
User075,Gangnam Style (강남스타일),PSY,k-pop,4
User076,Wo Ajnabee,Mithoon;Shilpa Rao,pop-film,4
User076,Every Word - Original,Hybrid,breakbeat,1
User076,Amor Meu Grande Amor,Angela Ro Ro;Frejat,mpb,1
User076,Still Mighty,Leeland,world-music,4
User076,Like Something for Porno,Felix Da Housecat,chicago-house,5
User076,Cachaça,Mukeka di Rato,hardcore,3
User076,Don't Cry (Original),Guns N' Roses,hard-rock,3
User076,Come Over [Missing You],Busy Signal,j-dance,4
User076,Dead Skin Mask,Slayer,death-metal,4
User076,天梯,C AllStar,cantopop,3
User076,シンクロときめき,Mayu Watanabe,j-idol,5
User076,Dirndl lieben - MTV Unplugged,Andreas Gabalier,party,1
User076,Dia e Noite - Ao Vivo,MORADA,reggae,1
User076,Last Husband,Christopher Titus,comedy,4
User076,So Free,Kokiri;Jem Cooke;Todd Terry,deep-house,3
User076,Roar,Mini Pop Kids,kids,1
User076,Ivan Yaaro,Madhusree,k-pop,5
User076,Kaprislisin Sevgilim,Mirkelam,turkish,4
User076,"Para Reiki: Gotas de Agua, Pt. 31",Reiki Armonía,world-music,2
User076,Dick'taphone,Kevin Bloody Wilson,comedy,4
User076,Gang Outside,kizaru;Milian Beatz;Lil Gotit,emo,2
User076,Dewdrop Lemonade,Blackburri,study,4
User076,Her Şey Sen,Yaşlı Amca,turkish,3
User076,"The Look Of Love, Pt.1",ABC,synth-pop,3
User076,First Time (feat. Dylan Matthew) - Acoustic,Seven Lions;SLANDER;Dabin;Dylan Matthew,dub,3
User076,Barn skrattar i bakgrunden,Junior Brielle,swedish,3
User076,Letter from Home,Pat Metheny;Anna Maria Jopek,guitar,5
User076,"Can You Feel The Love Tonight? (From ""The Lion King"")",Little Piano Player,disney,5
User076,One of Those Days (feat. Eric Clapton),Ozzy Osbourne;Eric Clapton,hard-rock,2
User076,"Raavana (From ""Jai Lava Kusa"")",Divya Kumar,folk,5
User076,O Que Não Me Destrói Me Fortalece,BaianaSystem;Céu,afrobeat,4
User076,君と歩いた道,Shogo Hamada,j-rock,3
User076,Have No Fear,Bauri,idm,1
User076,One Call Away,Charlie Puth,dance,1
User076,Three More Days,Ray LaMontagne,acoustic,1
User076,Bell Bottom Blues,Derek & The Dominos,blues,4
User076,Skip Vote,DJ Sim,happy,1
User076,Castigala,Maraca,jazz,1
User076,Fiddler's Dram / Whiskey Before Breakfast,Norman Blake,bluegrass,2
User076,Eddie,Red Hot Chili Peppers,alt-rock,4
User076,Love's Gonna Live Here,George Jones,honky-tonk,4
User076,Esta Noite Foi Maravilhosa,Eduardo Costa,sertanejo,1
User077,We Are the Others - New Ballad Version,Delain,goth,2
User077,Rosewood,Bonobo,trip-hop,2
User077,Sheep Rotation,Jobii,study,3
User077,No Vas a Creer (with Vicente Fernández),Angelica Maria;Vicente Fernández,rock-n-roll,2
User077,Jocelyn Flores,XXXTENTACION,emo,3
User077,PAINT,I Don't Like Mondays.,j-pop,1
User077,Play with Me,Rendezvous At Two,soul,3
User077,レーゾンデートル,Eve,anime,3
User077,Time Again,Jan Blomqvist;Alar;Korolova,minimal-techno,1
User077,The Essence of Being,Dan Gibson's Solitudes,new-age,3
User077,Eu Tô Com a Puta,Josué Bom de Faixa,forro,2
User077,Pink Life,Pink Guy,comedy,1
User077,Center X,Alphaxone,iranian,4
User077,If Only You'd Love Me Again,George Jones,honky-tonk,3
User077,Remembranza,Romántica Milonguera,tango,2
User077,Living in Another World (Single Version),Talk Talk,synth-pop,4
User077,A Catalogue of Afternoons,Max Richter,ambient,1
User077,Brace It (feat. Ed Sheeran),Ishawna;Ed Sheeran,dancehall,1
User077,Love You Die (feat. Diamond Platnumz),Patoranking;Diamond Platnumz,dancehall,1
User077,Monument - The Inevitable End Version,Röyksopp;Robyn,trip-hop,2
User077,Bizet: Carmen Suite No. 1: III. Intermezzo,Georges Bizet;Orchestre Philharmonique De Strasbourg;Marko Letonja,opera,4
User077,What's Your Name (feat. Big Daddy Kane),Morcheeba;Big Daddy Kane,trip-hop,1
User077,Nutcracker Suite Opus 71A: Waltz Of The Flowers (Act 2),Pyotr Ilyich Tchaikovsky;Boston Pops Orchestra;Arthur Fiedler,classical,2
User077,"Бьют свинцовые ливни - Из к/ф ""Неуловимые мстители""",Vladimir Troshin,romance,5
User077,Lutar Pelo Que E Meu,Charlie Brown Jr.,hard-rock,2
User077,有一種悲傷 - 電影《比悲傷更悲傷的故事》主題曲,A-Lin,mandopop,5
User077,The Mysterious Tale of Cat,Blackburri,study,4
User077,Heartbeat Loud,Andy C;Fiora,drum-and-bass,1
User077,O Que Essa Moça Fez Aqui,João Carreiro & Capataz,sertanejo,1
User077,Norderney - Fox Version,Axel Fischer,party,3
User077,Crying,Roy Orbison,rockabilly,1
User077,Y Te Parece Todavía (with Jorge Falcón),Héctor Varela;Jorge Falcón,tango,4
User077,Medley - 垃圾 / 絕 / 失樂園 / 大開眼戒 (Hins Live in Passion 張敬軒演唱會 2014),Hins Cheung,cantopop,2
User077,Between The Bars,Elliott Smith,indie-pop,4
User077,Phantom City,The Interrupters;Tim Timebomb,ska,1
User077,夢に色がない理由/Team N,NMB48,j-idol,2
User077,Bota pra Torar,Pisadinha do Vaqueiro,forro,4
User077,O'Meri Laila - Radio Version,Joi Barua,indian,1
User077,"Kar Har Maidaan Fateh (From ""Sanju"")",Sukhwinder Singh;Shreya Ghoshal;Vikram Montrose,hip-hop,1
User077,Patek,Mr Eazi;DJ Tarico;Joey B,dancehall,1
User077,Heks,Marina Herlop,club,3
User077,Don't Need No,Punch Brothers,bluegrass,3
User077,Zombie - Bassjackers Remix,Ran-D;Bassjackers,hardstyle,3
User078,Det var en gång en fågel,Laser Inc.,swedish,4
User078,La Casada,Las Pastillas del Abuelo,alt-rock,2
User078,Starý Kazety,Medooza;PAWLIE POIZN,emo,2
User078,Pato Trabaja en una Carnicería,La Mississippi,blues,1
User078,Drži me,Judi Khan,sleep,5
User078,Evleniyor,Yaşlı Amca,turkish,5
User078,Get Up Again,Flaw,industrial,1
User078,When I See You,Mokita,chill,5
User078,Circle With Me,Spiritbox,metalcore,2
User078,Tia Anastácia - Live,Grupo Balaco Baco,samba,4
User078,Badmind,Blak Ryno,dancehall,3
User078,"Andante in C Major, K. 1a",Wolfgang Amadeus Mozart;Ingrid Haebler,classical,2
User078,Aquatic Cataclysm,Drexciya,detroit-techno,2
User078,Vigil - Live,Sina Shoaie;Sohrab Motabar;Soheil Soheili,iranian,4
User078,Returning Home,Dan Gibson's Solitudes,new-age,5
User078,トーキョーハイウェイ,Kyary Pamyu Pamyu,j-idol,4
User078,Cloudy Daze,Blackburri,study,2
User078,Eylül,Yedinci Ev,turkish,1
User078,Ora Iê Iê O,Metá Metá,afrobeat,1
User078,Blue Sphere,Sea of Waves,sleep,2
User078,Endless Summer - Remastered,Scooter,happy,1
User078,Everything You Do Is A Balloon,Boards of Canada,trip-hop,5
User078,Meet Me Inside,Lin-Manuel Miranda;Leslie Odom Jr.;Christopher Jackson;Original Broadway Cast of Hamilton;Anthony Ramos,show-tunes,4
User078,Greatest,Onur Ormen;Tommygunnz,turkish,3
User078,Under You,Ten City,chicago-house,4
User078,君に会うまでは(2006),Shogo Hamada,j-rock,3
User078,MANTRA,Bring Me The Horizon,metalcore,2
User078,Forced Gender Reassignment,Cattle Decapitation,grindcore,2
User078,Ships + Tides,OneRepublic,piano,3
User078,Tennessee,Stephen Lynch,comedy,1
User078,Paraíso Tropical 2,Dj Victor;Mc Kadu;MC GP;MC Menor da VG;MC Joãozinho VT;Mc Lele JP;Mc IG;MC Ryan SP;MC Cebezinho,funk,2
User078,chibi,BARBEE BOYS,j-rock,5
User078,The Girl From The Highlands,Balsam Range,bluegrass,5
User078,Tomorrow May Never Come,The Creepshow,rockabilly,5
User079,Always On My Mind,Elvis Presley,rock-n-roll,3
User079,Na Le - Coming Soon!!! Remix,Omiki,trance,1
User079,Take The Long Way Home - 2010 Remastered,Supertramp,piano,3
User079,Dame Tu Fyah,Escala Mercalli;Efe Frans;Filip Mota,dancehall,2
User079,Ressaca De Amor - Ao Vivo Em Uberlândia / 2018,Bruno & Marrone,sertanejo,5
User079,Sarabande,Henrik Janson,guitar,5
User079,Galleries of Pink Galahs,John Williamson,children,5
User079,Perfil Cinza,Diego & Victor Hugo,sertanejo,2
User079,UNDISPUTED CHAMPION,Vybz Kartel;Don Richie Music;Mark Topsecret,j-dance,4
User079,"Zipfel eini , Zipfel aussi",DJ Mox,party,3
User079,Sleepy Journey,Cokobi,sleep,1
User079,Ein Leben für die Party,Chaos Team,party,2
User079,Nana Punk,Nana Pancha,ska,4
User079,Penny Rut - Mixed,FIT Siegel,detroit-techno,4
User079,Rotina,Desejo de Menina,forro,1
User079,Change Us,Snavs;Jack Dawson,electronic,2
User079,Systema Fobica,BaianaSystem;BNegão,afrobeat,4
User079,İstersen Hiç Başlamasın - Yeni Türkü Zamansız,Gaye Su Akyol,j-rock,5
User079,Sound the Alarm,The Knocks;Rivers Cuomo;Royal & the Serpent,alternative,1
User079,Swarms of Song - Deutsche Version,Belle,anime,5
User079,OTRO FILI,J Balvin;Jay Wheeler,latin,1
User079,I Washed My Hands in Muddy Water,Stonewall Jackson,honky-tonk,3
User079,Lmnop,Koo Koo Kanga Roo,kids,3
User079,No One Like You,Eben;Nathaniel Bassey,afrobeat,2
User079,Distance,陳卓賢 Ian,cantopop,4
User079,"Resi, ich hol Dich mit dem Traktor ab (Resi, i hol Di mit mei'm Traktor ab)",Die Partymacher,party,5
User079,Pee Loon X Let Her Go,Pranish VP,indian,4
User079,Temper Temper (feat. ONR),Sander van Doorn;ONR,trance,3
User079,Santa Claus Is Comin' To Town,Miley Cyrus,dance,5
User079,Sem Direção,Presto?,grindcore,2
User079,"Rudolph, The Red-Nosed Reindeer",The Smithereens,power-pop,4
User079,Idealna,Baflo,disco,1
User079,Not On Drugs,Tove Lo,synth-pop,1
User079,Guri Lo,Bijay Anand Sahu,samba,5
User079,my sound,sonolon,study,1
User079,Onde Está Você,Elba Ramalho;Dominguinhos,mpb,1
User079,Looking For More,Koven,dub,3
User079,還是要幸福,Hebe Tien,mandopop,2
User079,Necrotic Eruption,Last Days Of Humanity,grindcore,1
User079,Socially Inept,Proem,idm,1
User079,Feathers Floating - Original Mix,Larry Heard,chicago-house,4
User079,Revolution,The Score,alt-rock,5
User079,Proteção de Tela,Rafinha o Big Love,forro,3
User079,Uno (with Armando Pontier y su Orquesta),Julio Sosa;Armando Pontier y su Orquesta,tango,5
User079,"The Well-Tempered Clavier: Book 2: Fugue in D Major, BWV 874 (Arr. for String Quartet by Wolfgang Amadeus Mozart, KV 405)",Johann Sebastian Bach;Hagen Quartett,german,4
User079,Every Time You Come Around,The Dream Syndicate,power-pop,4
User079,Salí de Casa,Los Rude Boys,ska,4
User079,$tars and I feel alone,Vluestar,chill,1
User079,Simplesmente Amar,Ministério Adoração e Vida,gospel,5
User080,Lauren & I,Celtic Thunder;Keith Harkin,opera,5
User080,Session 2,Juan Atkins,detroit-techno,2
User080,Arrancacorazones - Acústico en Vivo,Attaque 77,punk-rock,3
User080,You & Jennifer,bülow,indie-pop,1
User080,Backyard,Belleruche,trip-hop,3
User080,¡Hola Casita!,Germaine Franco,disney,1
User080,Deus Não Vai Parar,Sarah Farias;Valesca Mayssa;Stella Laura,gospel,5
User080,Jazzo/Lose Myself - Original Mix,Octave One;Ann Saunderson,detroit-techno,2
User080,Andrew Jackson,Joe Zimmerman,comedy,2
User080,Se Menea,Don Omar;Nio Garcia,hip-hop,5
User080,Gary's Theme - Remastered,Bill Evans,piano,3
User080,The Rub,George McCrae;Gwen McCrae,disco,4
User080,Lohe Goor,Sabke Morde,iranian,5
User080,Kindred Spirits,Brian Crain,new-age,1
User080,Heavenly Side,ILLENIUM;Matt Maeson,dub,3
User080,Bahon Ke Darmiyan - Khamoshi - The Musical / Soundtrack Version,Alka Yagnik;Hariharan,k-pop,4
User080,Haare Haare Hum To Dil Se Haare - Unplugged Version,Siddharth Slathia,pop,2
User080,Tel Aviv,Youri,french,1
User080,Calma #2,Lucas Cervetti,world-music,2
User080,The Emancipation Of My Soul - TP's 1996 Remix,Terrence Parker,detroit-techno,1
User080,Paramount,August Burns Red,death-metal,4
User080,Légende des douze voleurs,Ivan Rebroff,romance,1
User080,La cara de la luna,Quinteto Pirincho,tango,4
User080,Colors,Amos Lee,acoustic,5
User080,Ring the Alarm,ST-Saint;Mark Asari;Reblah;678NATH;Raptist & Marko;Leslie Skye;Zelijah & Konola;Gtay;Nizzy Nath;JL Poleon,afrobeat,5
User080,The Storm - 2022 Remaster,Arovane,idm,1
User080,Seja Mais Você - Ao Vivo,Samba De Raiz,samba,3
User080,"Kasiu, Katarzyno",Milano,disco,2
User080,Ecstasy (Instrumental Edit),Crooked Still,bluegrass,1
User080,Play Your Cards Wrong - Live,Rodney Carrington,comedy,1
User080,Snoozin' (Live),Andrew Norelli,comedy,2
User080,"Honor Him - From ""Gladiator"" Soundtrack",Gavin Greenaway;The Lyndhurst Orchestra,british,1
User080,End Of Time,DJ LILMAN;Dj Flawless,club,2
User080,Thank You Lord (feat.Thomas Rhett & Florida Georgia Line),Chris Tomlin;Thomas Rhett;Florida Georgia Line,world-music,4
User080,O Golpe - Acústico,Clayton & Romário,sertanejo,3
User080,Healthy,Pj Panda,kids,5
User080,Don't Blame Me,B2A;TCM;Anklebreaker,hardstyle,5
User080,Severed Ties Yield Severed Heads,It Dies Today,metalcore,3
User080,So Cold [Mixed],Anime,happy,2
User080,The Minute Men (Are Turning in Their Graves),Stonewall Jackson,honky-tonk,3
User080,Fixi,Joachim Pastor,minimal-techno,2
User080,Never Really Loved Me (with Dean Lewis),Kygo;Dean Lewis,edm,3
User080,Terror In The Mind Of God,Anaal Nathrakh,grindcore,1
User080,Boogien I Blodet,Eva Eastwood,rockabilly,1
User080,Me Porto Bonito,Bad Bunny;Chencho Corleone,latin,3
User080,Neugeborene Schlafhilfe,Weißes Rauschen HD,sleep,4
User080,The ABC Song,Martin and Rose Music,children,3
User081,Blessed-Cursed,ENHYPEN,anime,1
User081,Tiempos Metálicos,V8,heavy-metal,3
User081,"Kaanathe Kanninullil - From ""Padma""",K. S. Harisankar;Ninoy Varghese,malay,5
User081,Всадники,Sergey Nikitin;Татьяна Никитина,romance,1
User081,Brian's Song,Emile Pandolfi,new-age,4
User081,Dictaphone,Kevin Bloody Wilson,comedy,4
User081,We Got a Joint!,Ryan Sickler,comedy,5
User081,It's The Most Wonderful Time Of The Year,Vince Gill,country,3
User081,The Sound Above My Hair - Radio Edit,Scooter,happy,1
User081,Don't Be Cruel,Elvis Presley,rock-n-roll,4
User081,Lo mejor de lo peor,A.N.I.M.A.L.;Mario Altamirano and A.N.I.M.A.L.,heavy-metal,5
User081,Y'All Come,George Jones;Gene Pitney,honky-tonk,2
User081,匿名的好友,Rainie Yang,mandopop,3
User081,The Beautiful People,Marilyn Manson,alt-rock,2
User081,Deceiver,Chris Lake;Green Velvet,deep-house,3
User081,Lowerian (Extended Version),Melorman,idm,1
User081,Bimbilikki Pilapi,Anirudh Ravichander;Ramya Behra;Sahithi Chaganti,hip-hop,5
User081,Гитара,Стронгилла Иртлач,romance,1
User081,Maldito Corazón,Alfredo De Angelis;Juan Carlos Godoy,tango,2
User081,200 Beathoven,Sub Zero Project,hardstyle,5
User081,Insurrección - 2008 Remaster,El Último De La Fila,spanish,1
User081,Brick O Dildos,Christopher Titus,comedy,1
User081,Shine On,Flickerstick,grunge,1
User081,Everyone I Love Is Dead - Edit,Type O Negative,industrial,2
User081,Just Like Muzik - Michele Chiavarini Remix,Terrence Parker;Merachka;Michele Chiavarini,detroit-techno,1
User081,Zoom Zoom Zoom We're Going to the Moon,Top of the Bus,kids,4
User081,Mein Leben,Goitzsche Front,german,3
User081,See The Light - Radio Edit,Noisecontrollers;Bass Modulators,hardstyle,4
User081,Tap Heel Toe,Christopher Zondaflex Tyler,kids,2
User081,"Frecuencia Álmica, Pt. 3",Lucas Cervetti,world-music,2
User081,İkinci Bahar,Özdemir Erdoğan,j-pop,1
User081,Pela Fé - Ao Vivo,André Valadão,gospel,5
User081,Fallout,UNSECRET;Neoni,blues,4
User081,The Blue Mists of Night,Empyrium,black-metal,2
User081,It Could Be Sweet,Portishead,trip-hop,3
User081,Chit Chat - Clubhouse Remix,Cajmere,chicago-house,2
User081,Lakshmi Ashtakam,Bombay Sisters,classical,4
User081,I Survived - Different Edit,The Hose,hardstyle,3
User081,"Kama Sutra - Live At MGM Grand, Las Vegas/2004",Sarah Brightman,opera,3
User081,Faint,Linkin Park,alternative,1
User081,Just Maintaining,"Sarah, the Illstrumentalist",study,5
User081,Drowning - Avicii Remix,Armin van Buuren;Laura V;Avicii,trance,3
User081,Deja Vu,Larry Heard,chicago-house,1
User081,Mast Nazron Se Allah Bachaye,Nusrat Fateh Ali Khan,folk,5
User081,Ocean Sounds: Relaxing Waves,Ocean Waves Sleep Aid,sleep,1
User081,12 de Junho - Ao Vivo,Vitinho,pagode,2
User082,First Up,Matt Large,study,5
User082,Cut Me Off,Yxng Bane;D-Block Europe,dancehall,1
User082,Ciego,No/Más,grindcore,4
User082,Julius,BK;El Lif Beatz,brazil,1
User082,2 Baddies,NCT 127,k-pop,4
User082,Jeunesse Dorée,De-Phazz,trip-hop,3
User082,Lugar Ao Sol,Charlie Brown Jr.,hard-rock,3
User082,Jag är hos dig igen,Lars Winnerbäck,swedish,3
User082,Me Volvieron A Hablar De Ella - En Vivo desde Puerto Rico,Gilberto Santa Rosa,salsa,1
User082,"Bizet: Carmen, WD 31, Act 1 Scene 10: No. 10, Séguedille et Duo, ""Près des remparts de Séville"" (Carmen, Don José)",Georges Bizet;Maria Callas;Nicolai Gedda;Orchestre de l'Opéra National de Paris;Georges Prêtre;Orchestre du Théâtre National de l'Opéra Paris;Paris Opera Orchestra,opera,5
User082,Não Pare Agora,Cassiane,brazil,4
User082,9Pm (Till I Come),ATB,techno,1
User082,Handsworth Revolution,Steel Pulse,dub,3
User082,Narsisti,Stam1na,heavy-metal,2
User082,Powerload,Disfear,grindcore,3
User082,Bomba Pra Caralho,Linn da Quebrada,club,5
User082,Go Away Cloud,Jesse Rice,guitar,3
User082,Space Melody (Edward Artemyev) (feat. Leony),VIZE;Alan Walker;Edward Artemyev;Leony,german,5
User082,Man of Sorrows,Hillsong Worship,world-music,2
User082,Sä et oo enää yksin,Kikka Laitinen,disney,4
User082,Evolution - Original Mix,UMEK;Cosmic Boys,minimal-techno,3
User082,Más De Ti,"Gotay ""El Autentiko"";Ozuna;Wisin",latino,5
User082,BANA Bİ'ŞEY OLMAZ,Asil Slang;Zen-G;Tahribad-ı İsyan,turkish,4
User082,Born Yesterday (Tritonia 400),Tritonal;Brigetta,dub,2
User082,一個小心願,Teresa Teng,mandopop,5
User082,"Evanda Enakku Custody (From ""Mahaan"")",Santhosh Narayanan,pop-film,2
User082,Ouro da Mina,Diogo Nogueira,samba,2
User082,No hay amor,Los Apson,rock-n-roll,1
User082,Meet,Arijit Singh,pop-film,4
User082,Before Dawn,SLANDER,dubstep,1
User082,Twinz (feat. Fat Joe),Big Pun;Fat Joe,hardcore,2
User082,Ne Marenda,Fejo,malay,5
User082,Your New Boyfriend,Wilbur Soot,indie-pop,3
User082,Amor Maior,Jota Quest;Jão,brazil,1
User082,Charlemos,Ignacio Corsini,tango,3
User082,After Party,Dynamite MC;Rookwood,drum-and-bass,1
User082,Wie der Wind wehst Du mir in's Gesicht - Originalversion,Brunner & Brunner,disco,4
User083,イスデタビ,Rei Harakami,idm,1
User083,Semi Detached,Orbital,breakbeat,2
User083,Mi Niña Mimada,Banda Rancho Viejo De Julio Aramburo La Bandononona,r-n-b,5
User083,Bixa Travesty,Linn da Quebrada,club,2
User083,Entonces Que Somos,Aguanile,salsa,4
User083,Beat Soup,Beat Oven,study,4
User083,Fa La La,Justin Bieber;Boyz II Men,pop,1
User083,Desconstruindo Amélia,Pitty,hard-rock,2
User083,Coração Satânico - Ao Vivo,Charlie Brown Jr.;Marcelo Nova,hard-rock,3
User083,Sincronia,Samuca e a Selva,afrobeat,1
User083,We Da Future,Grey Skye Evans;Lani Love,kids,1
User083,Canção da Despedida,Elba Ramalho;Zé Ramalho;Geraldo Azevedo,samba,2
User083,Nu kommer tårarna igen,Thorleifs,swedish,5
User083,By Myself,Linkin Park,grunge,4
User083,Al Mundo Le Falta un Tornillo,Julio Sosa;Armando Pontier,tango,3
User083,Aware,Symphonix,trance,4
User083,Stuhlgewitter,Kadaverficker,grindcore,1
User083,Elegance,Kate Baldwin;Taylor Trensch;Beanie Feldstein;Gavin Creel,show-tunes,5
User083,Hagrid,Shade k,breakbeat,1
User083,Apthero Awastha,bekcha,indie-pop,5
User083,I Can't Help,Shoffy;Sarcastic Sounds,chill,2
User083,"Caught In Time, So Far Away",You'll Never Get to Heaven,ambient,4
User083,From Now On,Hugh Jackman;The Greatest Showman Ensemble,show-tunes,1
User083,The Chosen Ones,Dream Evil,heavy-metal,5
User083,De Ignorantes y Tumbas,Zorra,heavy-metal,5
User083,Attention (with Justin Bieber) - Disclosure Remix,Omah Lay;Disclosure;Justin Bieber,dancehall,1
User083,Tenderly,Gaccio,study,4
User083,Ihr habt meinen Segen - Live,Faber,german,2
User083,Velma's Revenge,Kristin Chenoweth,show-tunes,2
User083,Sadness and Sorrow,Kato,anime,3
User083,"Verdi: Aida, Act 4, Scene 2: ""O terra, addio, valle di pianti"" (Aida, Radamès, Amneris, Coro)","Giuseppe Verdi;Riccardo Muti;Chorus of the Royal Opera House, Covent Garden;Fiorenza Cossotto;Montserrat Caballé;Plácido Domingo;New Philharmonia Orchestra",opera,3
User083,Beast Of Burden - Remastered 1994,The Rolling Stones,british,3
User083,Slumber,Ocoeur,idm,4
User083,Made of Lies,Elysion,goth,3
User083,Morada,Sandy,mpb,3
User083,El Aborto,Cuco Valoy,salsa,4
User083,Samidare,Kato,anime,3
User083,Know Bout Me,Vybz Kartel;Gaza Indu,j-dance,2
User083,El Hipo,Danny Romero;Juan Magán,spanish,1
User084,Towards Forgotten Paths,Diabolic Night,black-metal,2
User084,All Loved Out,Ten City,chicago-house,5
User084,No Bombardeen Buenos Aires,Charly García,punk-rock,1
User084,Redemption,Frank Turner,acoustic,2
User084,Gråt inga tårar,Thorleifs,swedish,1
User084,20 E Poucos Anos - Live,Filipe Catto,mpb,2
User084,Vaaram - First Look Somavaaram,Nakash Aziz,pop-film,4
User084,Round Corna,Vybz Kartel,j-dance,4
User084,An Den Stränden Der Südsee,Meeresrauschen;Naturgeräusche für Entspannung und Erholung;Naturgeräusche,sleep,3
User084,Master/Slave,Portrayal of Guilt,black-metal,4
User084,Highway to Hell,AC/DC,hard-rock,1
User084,Endless Alleluia - Live,Bethel Music;Cory Asbury,world-music,5
User084,Machine (with Herbie Hancock),Josh Groban;Herbie Hancock,opera,3
User084,Quédate conmigo,Pole.;Pilar Moxó,spanish,2
User084,Life Is Beautiful 2017,Sixx:A.M.,grunge,4
User084,Kobe,Ralphie May,comedy,3
User084,Run Run Run,Junge Junge;Kyle Pearce,deep-house,4
User084,Lilith,Therion,black-metal,3
User084,Zara Zara,Bombay Jayashri,classical,1
User084,Barbarie Colectiva,Malon,heavy-metal,1
User084,赤い鳥逃げた,Akina Nakamori,j-idol,2
User084,Show Me,Teddy Beats;Jolee Nikoal,deep-house,3
User084,Wake Up Evening,inbetweenjobs,study,5
User084,Last Girl on Earth,The Presidents Of The United States Of America,grunge,1
User084,Sakkarakatti,Hiphop Tamizha,hip-hop,2
User084,For What It's Worth,Buffalo Springfield,blues,3
User084,Propane Nightmares - Celldweller Remix,Pendulum;Celldweller,drum-and-bass,2
User084,The Luigi's Mansion 3 Song,Poop Emoji,kids,1
User084,Corazón al Barro,BBS Paranoicos,hardcore,2
User084,紅燈碼頭 - 修復版,林淑容,cantopop,3
User084,The Zero Hour,Wildstylez;Headhunterz,hardstyle,4
User084,Raabta (Title Track),Pritam;Arijit Singh;Nikhita Gandhi,indian,5
User084,I Guess You Moved On,Papithbk,sad,1
User084,blue in bossa,Gontiti,guitar,3
User084,Retratos E Canções - Ao Vivo,Thiaguinho,pagode,3
User084,Sudden Awareness of Now,Rival Consoles,idm,2
User085,Jo Achyutananda,Priya Sisters,classical,4
User085,Nie Dla Mnie Litość,Arkona,black-metal,4
User085,Mad World,Within Temptation,goth,5
User085,Bizet: Carmen Suite No. 1: III. Intermezzo,Georges Bizet;Orchestre Philharmonique De Strasbourg;Marko Letonja,opera,5
User085,Böyledir Bizim Sevdamız,Zülfü Livaneli,j-rock,2
User085,Burning Stones,Astrix;Freedom Fighters,trance,1
User085,賽勒斯的愛,Hins Cheung,cantopop,4
User085,Além Da Medicina,Gerson Rufino,gospel,1
User085,Na Mesa do Rei,Damares,brazil,2
User085,Pull Me In,Outwild;TRØVES,dubstep,1
User085,Stranger To Yourself,Loving,garage,1
User085,Worth Every Mile,Travis Tritt,country,1
User085,Anestesiada (feat. Kinky),Los Amigos Invisibles;Kinky,afrobeat,2
User085,Hold Me Down,DJ Flex,club,2
User085,The Outsiders,Bury Your Dead,death-metal,2
User085,"Andante in C Major, K. 1a",Wolfgang Amadeus Mozart;Ingrid Haebler,classical,4
User085,On the Border,The New Mastersounds,afrobeat,3
User085,elise,Gareth Emery,trance,1
User085,At Me,KEVZOR,swedish,5
User085,Voltei Pra Vaquejada,Os Barões Da Pisadinha,forro,5
User085,I'll Never Get Out Of This World Alive,Hank Williams;Drifting Cowboys,honky-tonk,3
User085,Bad Dreams,Impetigo,grindcore,1
User085,情難枕,邰正宵,mandopop,1
User085,Huésped en casa propia,PXNDX,emo,1
User085,The Final Countdown,Pickin' On Series,bluegrass,2
User085,One Two Tree,Joi Casette,study,4
User085,Tu Eres La Que Amo,Salserin,salsa,2
User085,Bygdaslaur,Gunslingers,country,1
User085,Can Believe,Popcaan,j-dance,3
User085,No Name No Slogan,Acid Horse,industrial,1
User086,Índia,Paulo Sérgio,j-pop,4
User086,Wish I Could Forget You,Silverstein,metalcore,1
User086,Clear Skies,Khantrast,anime,2
User086,Bae,death's dynamic shroud,club,5
User086,Meu Mestre - studio,Irmão Lázaro,forro,4
User086,Samba de Arerê - Ao Vivo,Samba De Raiz,samba,4
User086,Amor Calado,Márcia Fellipe;Raí Saia Rodada,forro,4
User086,Da Industry,DJ Sneak;IMIURU,chicago-house,1
User086,Angel Of Music,Andrew Lloyd Webber;Gerard Butler;Jennifer Ellison;Emmy Rossum,show-tunes,4
User086,Is This the Life I Chose?,Aaryan Shah,soul,4
User086,The Perfect Pint,The Lancashire Hotpots,comedy,2
User086,Kanaka Nova,Charlie Recaido,guitar,3
User086,Blast - Fuzz Version,The Smashing Pumpkins,grunge,2
User086,Hold Ya Head,The Notorious B.I.G.,hardcore,2
User086,Idiots of the Internet,Dan Cummins,comedy,3
User086,"White Noise from Mother Nature for Putting the Baby to Bed, Deep Healthy Sleep","Soothing White Noise for Infant Sleeping and Massage, Crying & Colic Relief",sleep,3
User086,Pray For It,One True God,club,4
User086,Keaton's Theme,Jeff Mills,detroit-techno,2
User086,All Fuzzed Out,Beach Slang,power-pop,1
User086,Santo Espírito (Holy Spirit) (feat. Leonardo Gonçalves) - Ao Vivo,Paulo Cesar Baruk;Leonardo Gonçalves,brazil,5
User086,Mask of Skeleton,arai tasuku,idm,5
User086,Tranquilo,Parham;Mwuana,goth,5
User086,5 Senses,Jack Hartmann,kids,2
User086,Winterkinder,Rolf Zuckowski,children,3
User086,El Puente de Piedra,Los Chicanos,rock-n-roll,4
User086,Place Gun to Head,Proem,idm,4
User086,Kaadu Me Naadum,Sujatha;Mohanlal,malay,5
User086,Get U Some More,Fast Eddie,chicago-house,4
User086,Goya No Machiawase,Hello Sleepwalkers,anime,1
User086,Percayalah - Bonus Track,Last Child,punk-rock,1
User086,Qué Bello - Versión Salsa,Cielo Torres,salsa,3
User087,Dreaming Glory,Twinkz,study,2
User087,songs about you,nobody likes you pat,singer-songwriter,4
User087,Radiate - SPY Version,Scooter;VASSY,happy,2
User087,"56, Ar",The Pine Box Boys,goth,5
User087,Dane-se,Kevi Jonny,forro,2
User087,The Potty Song,Pj Panda,kids,5
User087,愛しか武器がない,Last Idol,j-idol,1
User087,"Messiah, HWV 56 / Pt. 2: No. 42 ""Hallelujah""",George Frideric Handel;John Alldis Choir;London Philharmonic Orchestra;Karl Richter,classical,4
User087,"Deux Arabesques, L66: No. 1: Andantino con moto",Claude Debussy;Kathryn Stott,classical,3
User087,I Won,Ty Dolla $ign;Jack Harlow;24kGoldn,soul,4
User087,"In Your Body, In Your House",Rojin Sharafi,iranian,5
User087,Ela É a Bruta,Dj Kevin;Brenno & Matheus,sertanejo,4
User087,The Listening Wind,Michael Hoppé;Martin Tillman;Tim Wheater,new-age,3
User087,Bass Slut - Alex BassJunkie & Riche Remix,S3RL;Alex Bassjunkie;Riche,happy,5
User087,Nostalgias De Buenos Aires,Las Lagrimas,guitar,5
User087,Back & Forth,DRS;Dynamite MC;S.P.Y,drum-and-bass,3
User087,Ten Million Voices,Shaman's Harvest,grunge,4
User087,CALL(version2016),Flower,j-idol,3
User087,Avid,SawanoHiroyuki[nZk];mizuki,anime,2
User087,Thru the Wall,Matt Large,study,1
User087,At The Cross,Hillsong Worship,world-music,3
User087,Hidden Ferocity,Tension Prophecy,iranian,5
User087,É Mágica / Sinais / Para - Ao Vivo,Di Propósito,pagode,2
User087,Call Me Maybe,Carly Rae Jepsen,electro,1
User087,Repeat,Grinspoon,psych-rock,3
User087,STEP BACK (FEAT. MIKE DIMES),Dro Kenji;Mike Dimes,sad,1
User087,Ek Nagma,Lifafa,electronic,4
User087,La Mejor Arma,Plan 4,heavy-metal,5
User087,Taxi,Mariah Angeliq;Guaynaa,latin,3
User087,Manantial De Llanto,Joan Sebastian,r-n-b,5
User087,enough,916frosty,emo,2
User087,Ongedierte Van De Nacht,Gunz For Hire,hardstyle,2
User087,Yahoo Boyz,Intence;Countree Hype,j-dance,1
User087,Prison Medical Officer,Iron Lung,grindcore,2
User087,Spastik,Plastikman;Richie Hawtin,detroit-techno,2
User087,Hanya Ingin Pulang,Souljah,ska,3
User087,Pajarillo,La Adictiva,r-n-b,5
User087,The light that blinds us,Temperance Lloyd,piano,1
User087,Sweet Lei Lehua - Bonus Track,Atta Isaacs,guitar,2
User087,Filter Lover Pt. 2: Don't You (feat. Kaleem Taylor),Synapson;Kaleem Taylor,synth-pop,5
User087,Before You (feat. Dia Frampton),Seven Lions;Dia Frampton,dub,4
User087,Rock-A-Bye Baby,The Countdown Kids,children,3
User088,Incredible Odyssey,Danny Breaks,drum-and-bass,2
User088,Know Who You Are,Auli'i Cravalho;Vai Mahina;Olivia Foa'i;Opetaia Foa'i;Matthew Ineleo,disney,2
User088,Night Runners,EDDIE;Voicians,club,5
User088,"10,000 Hours (with Justin Bieber)",Dan + Shay;Justin Bieber,country,3
User088,Alvoroço - Ao Vivo,Gustavo Mioto,sertanejo,3
User088,Pure White Noise,Baby Sweet Dream,sleep,5
User088,Cachoeira,Africania,afrobeat,1
User088,Hi-Num 4.1,Gimmik,idm,3
User088,Então Pode Ir / Se Não Tivesse Ido (Ao Vivo),Ícaro e Gilmar,sertanejo,5
User088,Histéricos,Leiva;Ximena Sariñana,spanish,5
User088,Trodde det skulle bli vi,The Fastback,rockabilly,2
User088,Life Time Warranty,Cyberbully Mom Club,garage,5
User088,De Perreo,Marlon,spanish,2
User088,Spirits Pt. 2,Party Favor;Lil Gnar,electronic,4
User088,It's Been Dry In Oklahoma,Aaron Wilburn,comedy,5
User088,Em teu olhar,Mc Daleste;Studio Thg,funk,3
User088,Encaixe,OUTROEU,mpb,2
User088,Perfect Melody,Jonas Blue;Julian Perretta,edm,4
User088,Hip-Hop Freeze Dance - Instrumental,The Kiboomers,children,1
User088,Durstig (feat. Dead Dawg),Ion Miles;BHZ;Dead Dawg,german,1
User088,ILLELLA,MAMAMOO,k-pop,1
User088,One Man's Problem,The Jayhawks,power-pop,2
User088,Tally Two / What’s The Plan / F-14,Harold Faltermeyer;Lady Gaga;Hans Zimmer;Lorne Balfe,german,5
User088,3 Gymnopédies: No. 1 Lent et douloureux,Erik Satie;Alice Sara Ott,classical,2
User088,Olmadım Say,Kayra,turkish,1
User088,Movies,The Lil Smokies,bluegrass,5
User088,Reinventar / Pra Ver O Sol Brilhar / Perfume - Ao Vivo,Belo,pagode,4
User088,Illusion (feat. Born I),Bassnectar;PEEKABOO;Born I,breakbeat,1
User088,Pai - Live,Grupo Revelação,pagode,3
User088,Céu Da Boca - Ao Vivo Em São Paulo / 2018,Ivete Sangalo,samba,5
User088,No Place Like Home,Hitman Blues Band,guitar,2
User088,Pi-di-di-di,Calle 13,afrobeat,2
User088,Pagode Russo,Orquestra Brasileira de Música Jamaicana,afrobeat,3
User088,Dengo Nego,Mumuzinho,pagode,2
User088,Ride On,Screamer,heavy-metal,3
User089,I Wonder Why,Paul Johnson,chicago-house,1
User089,Ich bin der brennende Komet - Live 1997,Lacrimosa,goth,2
User089,少女的祈禱,Miriam Yeung,cantopop,5
User089,I'm a Good Woman,Cold Blood,groove,2
User089,What You've Become,Sevendust,industrial,1
User089,Meu Oxigênio - Live,Matheus & Kauan,sertanejo,5
User089,Nemesis,Arch Enemy,death-metal,3
User089,For The Record (Dylan Sitts Remix),Dylan Sitts;HDBeenDope,chill,1
User089,Vik Bak Meg Satan,The Good The Bad and The Zugly,rock-n-roll,3
User089,Deewana,Akhil,hip-hop,4
User089,Lenny in the Sea with Dolphins,Oliver Koletzki,minimal-techno,5
User089,A Lenda - Ao Vivo,Roupa Nova,mpb,1
User089,Mezh krutykh berezhkov,Sergei Lemeshev;Andrey Semjonov;Il'ja Mar'in,romance,3
User089,Gita,Raul Seixas,brazil,3
User089,Espírito Vem,Isaias Saad,brazil,3
User089,ЛАБИРИНТ,FACE,emo,2
User089,Eleven Heroes,Beside,death-metal,2
User089,Usa toda tu fuerza,A.N.I.M.A.L.;Richard Kaplan,heavy-metal,4
User089,In Your Eyes - Dante Klein Remix,Steve Brian;Eric Lumiere;Dante Klein,trance,4
User089,Fim de Noite,Adryana E A Rapaziada,pagode,3
User089,Sweet Boiled Candy,The Wiggles,children,2
User089,Freezing,Peter Cat Recording Co.,electronic,5
User089,4:22,Ozuna;Danny Ocean,latin,5
User089,Skåneland,Lasse Stefanz,ska,3
User089,Alvará - Ao vivo,Jorge Aragão,mpb,2
User089,Camarão Que Dorme a Onda Leva - Spc - Bagaço da Laranja,Arlindo Cruz,samba,5
User089,Heavy Metal Love,twocolors,edm,2
User089,Yo sé que tú estás aquí,Ángeles Del Infierno,spanish,4
User089,Missing You Sucks,Clara Mae,swedish,3
User089,Still Got The Blues,Gary Moore,blues,3
User089,Há Poder no Sangue de Jesus,Mattos Nascimento,gospel,2
User090,Nossa Canção (feat. Gabriela Rocha) - Ao Vivo,Preto no Branco;Gabriela Rocha,groove,1
User090,Balkan,Omiki,trance,5
User090,Sanoe - Instrumental,Cyril Pahinui,guitar,4
User090,Seven Binks,Koba LaD;Bolémvn;Mafia Spartiate,french,5
User090,Levitation Hoax,Conan,black-metal,1
User090,Garotos Ii (O Outro Lado) - Ao Vivo,Leoni;Dinho Ouro Preto,brazil,2
User090,Naan Un,Arijit Singh;Chinmayi,pop-film,5
User090,Deus Me Ama - Ao Vivo,Thalles Roberto;André Valadão,brazil,3
User090,The Room Where It Happens,Leslie Odom Jr.;Lin-Manuel Miranda;Daveed Diggs;Okieriete Onaodowan;Original Broadway Cast of Hamilton,show-tunes,5
User090,Nuestro Sueño,Grupo Niche,salsa,2
User090,El Gran Señor - En Vivo,Los Auténticos Decadentes,ska,5
User090,Pânico,Project46,hardcore,1
User090,Balkan - Mandragora Remix,Omiki;Mandragora,trance,4
User090,No Buses,Arctic Monkeys,garage,2
User090,Looking For A Reason,Ronnie Bowman,bluegrass,3
User090,So Nice,Natural Vibrations,j-rock,1
User090,Rather Be - The Magician Remix,Clean Bandit;Jess Glynne;The Magician,edm,2
User090,Like A Slut - Album Edit,Activator,hardstyle,3
User090,I've Been Loving You Too Long,Otis Redding,blues,3
User090,"Arakkiyae (From ""Anbarivu"")",Yuvan Shankar Raja;Hiphop Tamizha,k-pop,2
User090,De Doden Hebben Het Goed,Wiegedood,black-metal,1
User090,Freaking Out,Earthspace,trance,3
User090,La Llevo Al Cielo,Chris Jedi;Anuel AA;Chencho Corleone;Ñengo Flow,latin,4
User090,Every Morning,Chris Lorenzo,groove,1
User090,okay,jassie z,study,3
User090,Barricades (with Rita Ora),Netsky;Rita Ora,drum-and-bass,2
User090,Jealous of Paris,Haley Joelle,singer-songwriter,2
User090,Hata Diye,Dream Note,indie,1
User090,Tennessee Saturday Night,Ernest Tubb,honky-tonk,3
User090,Wish You Again,PLÜM,french,3
User090,Só Basta Você Me Ligar,Zé Vaqueiro,forro,1
User090,Voglio restare cosi,Andrea Bocelli,opera,1
User090,Call Of The Road,Doc Watson,bluegrass,1
User090,Sleep Rain,Rain Sounds,sleep,4
User090,Abri a Porta (feat. Gilberto Gil),Dominguinhos;Gilberto Gil,samba,4
User091,Say It Ain't So,Weezer,alt-rock,2
User091,I evig tid,Månegarm,black-metal,4
User091,Goodbye (Yuta Rap),Rustage;HalaCG,anime,4
User091,Care Package,"Sarah, the Illstrumentalist",study,4
User091,Who Shot Ya? - 2005 Remaster,The Notorious B.I.G.,hardcore,3
User091,XO Skeleton,A Skylit Drive,metalcore,5
User091,London Scammer - Remastered,Tankz,chill,4
User091,Blitzkreuz,Callejon,metalcore,1
User091,"Mushrooms, Vegan",Shane Mauss,comedy,4
User091,Złowieszcze Tango,Germaine Franco,disney,5
User091,gradient,flowtide,study,2
User091,Por Siempre,A.N.I.M.A.L.,heavy-metal,2
User091,Cuartito Azul - Remastered,Francisco Canaro,tango,4
User091,Origins,Max Cooper,minimal-techno,1
User091,</c0de>,Motionless In White,metalcore,1
User091,Satoshi Nakamoto,Gramatik;Adrian Lau;ProbCause,trip-hop,3
User091,Woman in Love,Barbra Streisand,disco,1
User091,Itch,Hockey Dad,garage,3
User091,Esse Vazio Ocupa Tanto Espaço,Bullet Bane,hardcore,3
User091,Mama Laudaaa,FEEST DJ MAARTEN,hardstyle,1
User091,TOGETHER,for KING & COUNTRY;Kirk Franklin;Tori Kelly,world-music,1
User091,Full Flight Capacity,Hans Zimmer;Adam Lukas;James Everingham,german,3
User091,Seda - En Vivo,Willie Gonzalez,salsa,2
User091,Trying to Get Over,The Dream Syndicate,power-pop,4
User091,Lamp Lighter Inn,Sex Prisoner,grindcore,2
User091,知らないままで,ロクデナシ,j-pop,1
User091,West Side Story: XIII. Scherzo,Leonard Bernstein,classical,5
User091,Tips On Marriage - Live,Rodney Carrington,comedy,1
User091,Afiche,Adriana Varela,tango,3
User091,Trenzas,Lidia Borda;Brian Chambouleyron;Esteban Morgado;Damian Bolotin;Walter Castro;Mono Hurtado,tango,5
User091,What Happened,Angerfist,techno,5
User091,Phir Kabhi,Arijit Singh,pop-film,4
User091,Tell the Reaper I'm Sorry,Lil Revive,emo,1
User091,I'll Be Home,Randy Newman,disney,4
User091,God of Fire,Fit For A King,metalcore,2
User091,Fresh Running Water,Martin Lawrence,comedy,5
User091,Salmon Benedict,Timothy Infinite,study,4
User091,Estás Hecha Para Mi,Servando & Florentino,salsa,2
User091,S.L.A.B,Parimal Shais;Hanumankind,malay,1
User091,A Beautiful Lie,Thirty Seconds To Mars,grunge,1
User091,Pray (feat. Kameron),ILLENIUM;Kameron,dub,3
User091,Mejores Amigos,Yera;Morat,reggae,2
User091,Родина,Sergei Lemeshev,romance,2
User092,Homage,Jeff Mills;Rafael Leafar,detroit-techno,5
User092,Preservê (feat. Gaab) - Ao Vivo,Turma do Pagode;Rodriguinho;Mr. Dan;Gaab,pagode,5
User092,Long Live Cowgirls,Ian Munsick;Cody Johnson,country,3
User092,Things With Wings,Liz Story,new-age,3
User092,Fuego A La Jicotea,Marvin Santiago,salsa,3
User092,pSyKoSeN,Albin Myers;ODZ,progressive-house,2
User092,Witches on Their Brooms,The Kiboomers,children,1
User092,Redoma,BaianaSystem;Samba de Lata de Tijuaçú,afrobeat,1
User092,5 Senses,Jack Hartmann,kids,4
User092,If Money Talks,Jason & The Scorchers,power-pop,5
User092,Dhakka,Sidhu Moose Wala;Afsana Khan,hip-hop,5
User092,Feels Like Paradise,Lonely in the Rain;Madeline,french,4
User092,Abraço,Medulla;Martin,hard-rock,2
User092,In A Lover's Eyes,Jim Brickman,new-age,1
User092,Snowman,Sia,dance,3
User092,Hariye Jawar Gaan,Anupam Roy,indie-pop,1
User092,If I Could - Loadstar Remix,Mefjus;Loadstar,drum-and-bass,4
User092,Ritalin (feat. Hidra),Artz;Hidra,turkish,1
User092,Likbør,Windir,black-metal,3
User092,All of This Is Fleeting,Polaris,hardcore,5
User092,Monalisa,Jorge Vercillo,mpb,4
User092,Mi Corazón Encantado - Dragon Ball Gt,Ricardo Silva,anime,2
User092,Sunny Dunny,Sajanka,trance,1
User092,"Jab Haal-e-Dil Tumse Kehne Ko (From ""Salaami"")",Alka Yagnik,k-pop,1
User092,Messed Up On Christmas,Lyn Lapid,indie-pop,2
User092,Articulation,Rival Consoles,idm,2
User092,Healer,Hillsong Worship,world-music,3
User092,Dying - Remastered 2001,XTC,power-pop,1
User092,Con Que,Los 4,salsa,4
User092,White Desert,Pysh;Stephane Salerno,techno,1
User092,X2 (Tritonia 400),Maarten de Jong,deep-house,3
User092,Secando Várias Garrafas - Ao Vivo,Matogrosso & Mathias;Henrique & Juliano,sertanejo,4
User092,Değirmenler,Bülent Ortaçgil;Teoman,j-rock,4
User092,I'm Not Your Mother,Blake Babies,power-pop,4
User092,No Veneno,Strike,j-rock,3
User092,"Ambient Attention, Pt. 14",Paz Interior,world-music,1
User092,Solidão / Passou da Conta - Ao Vivo,Ícaro e Gilmar,sertanejo,5
User092,STAR CITY CAFE,hevel;Evito,chill,4
User092,Indigo,Yiruma,new-age,2
User092,Accès Rapide,Paul Kalkbrenner,minimal-techno,3
User092,Last Friday Night (feat. Darren Criss),Glee Cast;Darren Criss,club,4
User092,Elephant Shunned - Solee Remix,Jan Blomqvist;Solee,minimal-techno,3
User092,Electronic Battle Weapon 5,The Chemical Brothers,breakbeat,2
User093,Kesariyo Rang,Parthiv Gohil,folk,1
User093,HUNTING FOR YOUR DREAM (TVサイズ),GALNERYUS,metal,3
User093,An Angry Thunderstorm,"White Noise Meditation;Rain for Deep Sleep;Thunderstorm Sleep;Thunder Storm;Lightning, Thunder and Rain Storm;Thunderstorms",sleep,4
User093,As Dores do Mundo - Acústico,Jota Quest,mpb,4
User093,Amon Belongs to Them,King Diamond,death-metal,3
User093,Can't See - Useless,Oingo Boingo,synth-pop,2
User093,"Out Of Thin Air - From ""Aladdin and the King of Thieves"" / Soundtrack Version",Liz Callaway;Brad Kane,show-tunes,3
User093,大騒ぎ天国(Second Generation),AKB48,j-idol,5
User093,Talkaboutit,HXGO,sad,1
User093,I Know Him,Jonathan Groff,show-tunes,2
User093,"Nocturne No. 19 in E Minor, Op. 72, No. 1",Frédéric Chopin;Benjamin Grosvenor,classical,1
User093,All Too Well - Jake's Version,John Elliott,acoustic,1
User093,Melo Hello,"Sarah, the Illstrumentalist",study,3
User093,Onze e Pouquinho - Ao Vivo,Dilsinho,pagode,5
User093,Battle Belongs - Acoustic,Phil Wickham,world-music,4
User093,ライバル,Shonan No Kaze,j-pop,5
User093,Flex and Point,Christopher Zondaflex Tyler,kids,2
User093,Di Saat Badai - Live,Disciples,dub,5
User093,You're My Waterloo,The Libertines,garage,1
User093,Mehfooz,Ritviz,edm,4
User093,We Da Future,Grey Skye Evans;Lani Love,kids,5
User093,HEAVE,MARAUDA;Scarlxrd,dub,4
User093,3AM,Janine,chill,5
User093,Between Walls of Glass,Mord'a'Stigmata,black-metal,4
User093,Sabrina (feat. Oscar D'León),Los Amigos Invisibles;Oscar D'León,afrobeat,5
User093,Pensar Bien,Connor Questa,grunge,2
User093,禁区 - 30th anniversary mix,Akina Nakamori,j-idol,4
User093,High Dance Threshold,Christian Finnegan,comedy,3
User093,They're Coming - Mixed,Delano Smith,detroit-techno,1
User093,Dazed and Confused - 1990 Remaster,Led Zeppelin,hard-rock,4
User093,Maggot Brain,Funkadelic,psych-rock,1
User093,Wanted - from One Night In Malibu,OneRepublic,piano,5
User093,Tempest,Pional,minimal-techno,5
User093,All Black,Ownglow,drum-and-bass,5
User093,Journey Within,George Skaroulis,new-age,5
User093,Jhumritalaiyya,Pritam;Arijit Singh;Mohan Kannan,indian,5
User093,La Carga,The Bongo Hop;Nidia Gongora,afrobeat,2
User093,Cirice,Ghost,hard-rock,1
User093,I Can't Stand It - 4 Minute Mix,The Prophet,happy,4
User093,Siempre Te Amare (el Guardaespaldas),Tropical Florida,folk,2
User093,"Живописцы, окуните ваши кисти",Oleg Pogudin,romance,2
User093,Como Se Goza En El Barrio,Marc Ribot;Los Cubanos,guitar,2
User093,deep fake,Architects,metal,2
User093,Liontamer,Faithless,trip-hop,2
User094,String Lights,Dimension 09,study,4
User094,Follow You,Bring Me The Horizon,metal,1
User094,Cate’s Brother (Matt's Version),Maisie Peters;Matt Maltese,indie-pop,4
User094,Korobeyniki,Sergei Lemeshev,romance,2
User094,İki Tas Çorba,Mustafa Sandal,turkish,2
User094,Fool Yourself,Chase & Status;Plan B;Rage,drum-and-bass,5
User094,Memento,SpectraSoul,drum-and-bass,3
User094,Rei do Gado,Sérgio Reis,sertanejo,3
User094,All Things New,Hillsong Worship,world-music,1
User094,Loopable Woods,Relaxing Music Therapy;4D Nature Recordings;Crickets - Tinnitus Sleep Solution,sleep,1
User094,L'amour toujours (feat. Delaney Jane) - Tiësto Edit,Dzeko & Torres;Delaney Jane;Tiësto,progressive-house,4
User094,Extrovertida,MC Luan da BS;Mc Anjim,funk,5
User094,My Baby's House,Michael Cooper,blues,4
User094,"Banjaara (From ""Ek Villain"")",Mohammed Irfan,pop-film,5
User094,Give U Love,Ransom,hardstyle,3
User094,No Te Quites La Ropa,Maelo Ruiz,salsa,3
User094,Viejo Ciego (feat. Antonio Agri & Esteban Morgado) [En Directo],Roberto Goyeneche;Antonio Agri;Esteban Morgado,tango,5
User094,Black & Blue,Freestylers;Blapps Posse;Laura Streel,breakbeat,4
User094,La Despedida (feat. Fito Páez & Paula Pomeraniek),Adriana Varela;Fito Páez;Paula Pomeraniek,tango,1
User094,Conn,Tegh,iranian,5
User094,Rebeldes,Alex Anwandter,electronic,5
User094,Você Não é de Bar - Ao Vivo,Fernando & Sorocaba;Guilherme & Benuto,sertanejo,5
User094,"Gäspus, Nickus och Jon Blund",Alice Babs;Titti,swedish,4
User094,Unna Nenachu,Ilaiyaraaja;Sid Sriram,k-pop,1
User094,Zug Island,Kero;Kyle Hall,idm,4
User094,Esqueça-Me Se For Capaz / Vai Lá em Casa Hoje (Pagode) - Acústico,Sem Reznha,pagode,2
User094,Hasta Que Te Conocí,Panteon Rococo;Santa Fe Klan,alt-rock,2
User094,Cool Again,Shoffy,chill,5
User094,Lord Of The Golden Baboon,Mandrill,afrobeat,5
User094,Prostitution Should Be Legal,Josh Wagner,comedy,5
User094,dropout,sadeyes,emo,1
User095,A Different Story - Original Version,Wildstylez;Noisecontrollers,hardstyle,5
User095,Life After You,Daughtry,grunge,1
User095,I Refuse To Smile,Mandrill,afrobeat,3
User095,Naranjo en Flor (feat. Mercedes Sosa),Maria Graña;Mercedes Sosa,tango,5
User095,haunt me (x 3),Teen Suicide,emo,3
User095,Thief - Flux Pavilion Remix,Ookay;Flux Pavilion,dub,4
User095,COCO SHANEL,LOUTA,electronic,3
User095,Chauffeur,Diljit Dosanjh;Tory Lanez;Ikky,pop-film,4
User095,Louisiana Hero,Henry Jackman,british,4
User095,El Día Que Me Quieras,Carlos Gardel,tango,5
User095,Groove With You,The Isley Brothers,disco,5
User095,Friday (feat. Mufasa & Hypeman) - Dopamine Re-Edit,Riton;Nightcrawlers;Mufasa & Hypeman;Dopamine,edm,4
User095,Since 99,Vargas & Lagola,swedish,1
User095,Да да да - Jarico Remix,Tanir;Tyomcha;Jarico,indie-pop,2
User095,Está Rico,Marc Anthony;Will Smith;Bad Bunny,salsa,3
User095,Raastamahn,Epr Iyer,indian,4
User095,Resurrection - Axwell's Recut Radio Version,Michael Calfan,deep-house,2
User095,Stuck with U (with Justin Bieber),Ariana Grande;Justin Bieber,dance,5
User095,O Casamento de Doralice,Os Serranos,sertanejo,5
User095,Stuck,Ollie,sad,4
User095,Bom Mesmo É Estar Debaixo D'Água,Luedji Luna,mpb,1
User095,Phases of the Moon,Toini & The Tomcats,rockabilly,4
User095,Heartbreak,Francesco Zeta,hardstyle,3
User095,Bartender,(Hed) P.E.,industrial,2
User095,Evisceration Plague,Cannibal Corpse,death-metal,1
User095,Pal,Javed-Mohsin;Arijit Singh;Shreya Ghoshal,pop,4
User095,Lambay,Niall Byrne,piano,3
User095,Ele Voltará,Coral Voice Soul,groove,3
User095,Jaiva Viplavam,Sha Bro,malay,1
User095,Go Daddy Go,dj Shawny,club,3
User095,Sound Becomes One - Video & MoH,Partyraiser;Destructive Tendencies,happy,3
User095,Chama (Ace),Enygma Rapper,r-n-b,3
User095,Rakastan enemmän sua kuin ketään ennen,Teemu Roivainen,tango,3
User096,Sunrise - JTS & Haze Remix,Impact & Resist,happy,1
User096,Lucky Luke,The Pinks,swedish,2
User096,Kackvogel - Original Mix,Solomun,minimal-techno,2
User096,Kansas City Girl,Franky ‘Fastfingers’ Flint,honky-tonk,3
User096,Me&Youphoria - Edit,Röyksopp,trip-hop,4
User096,Na Baixa Do Sapateiro,João Gilberto,guitar,3
User096,No Soy Para Ti - En Vivo,ZAPEROKO La Resistencia Salsera del Callao,salsa,3
User096,Kiss from a Rose - Acoustic,Seal,british,4
User096,"L'Africaine / Act 4: ""Mi batte il cor...O Paradiso!""",Giacomo Meyerbeer;Luciano Pavarotti;National Philharmonic Orchestra;Oliviero de Fabritiis,opera,5
User096,Wünsch dir was,Die Toten Hosen,german,1
User096,Espejismo,La Tropa Loca,rock-n-roll,2
User096,The Heartless,Tha Playah;Angerfist,happy,4
User096,Lonely (with Chandler Leighton),ILLENIUM;Chandler Leighton,dub,2
User096,Fenêtres,La Belle Bleue,french,4
User096,Terrordome #TiH,Anime,happy,4
User096,Te Esquecer Te Amando - Ao Vivo,Dilsinho;Sorriso Maroto,pagode,5
User096,Jamaica Jamaica,Busy Signal,j-dance,3
User096,Motivation,22 Void Beats;Sneaky Ollie;Milano The Don,electronic,1
User096,One More,SG Lewis;Nile Rodgers,indie,5
User096,六月天,陳秋霞,cantopop,2
User096,Kimsenin Kimsesi,Veys Colak;Melek Mosso,turkish,1
User096,Vuelve Primavera,Los Blue Caps,rock-n-roll,3
User096,Bossa Dorado,Stochelo Rosenberg,guitar,5
User096,Supersonic,Just Friends,emo,4
User096,Succumb to the Pressure,disrupt,grindcore,2
User096,Dolls,Bella Poarch,alternative,5
User096,Yeshu Manavalan,K. G. Markose,malay,5
User096,Yo También Soñé,Charlo,tango,1
User096,十面埋伏,Eason Chan,cantopop,2
User096,Vapor Barato,Jards Macalé,samba,2
User096,TRUST!,JPEGMAFIA,industrial,2
User096,Снова пою,Vadim Kozin,romance,1
User096,Sastanàqqàm,Tinariwen,guitar,2
User096,Sinners Paradise,Sub Zero Project;Rebelion,hardstyle,1
User096,Garden of Peace,Therion,black-metal,4
User096,"always, and forever (with my little sister)",yaeow,sad,1
User096,Con Ceviche Haciendo el Amor,Sayian Jimmy;El Tigre García;Melora1n;Ribele;skillstayla,latino,3
User096,Railroad Earth (OurVinyl Sessions),Railroad Earth;OurVinyl,bluegrass,2
User096,Jelly,Prigida,french,3
User096,Waves: Dreams,Ocean Waves For Sleep,sleep,3
User096,Vos Sabes - Versión Remasterizada (Live),Los Fabulosos Cadillacs,ska,4
User096,Jesus in LA,Alec Benjamin,electro,5
User096,Aisuru,Pat Laine,study,4
User096,Palakkattu Pakkathile,Yuvan Shankar Raja;Hariharan;Suchitra;Vinaya,k-pop,1
User096,Llueve,Jorge Drexler,afrobeat,1
User097,Ghost of Perdition,Opeth,death-metal,3
User097,A Sky Full of Stars - Hardwell Remix,Coldplay;Geoff Swan;Hardwell;Mark 'Spike' Stent,pop,4
User097,Panta Rei,Agoria,electronic,5
User097,Moghabele Divare Ghanoon,Najand,iranian,4
User097,Negracha - Instrumental,Osvaldo Pugliese,tango,2
User097,Kakkai Siraginile - Language: Tamil; Film: Thullatha Manamum Thullum; Film Artist 1: Vijay; Film Artist 2: Simran,Sujatha,malay,4
User097,Sirikkadhey,Anirudh Ravichander;Arjun Kanungo;Srinidhi Venkatesh,hip-hop,5
User097,2055,Sleepy Hallow,r-n-b,5
User097,Edgerunner,MAGNAVOLT,club,3
User097,Dumcore,DJ Isaac,happy,3
User097,Finished Symphony - Original,Hybrid,breakbeat,2
User097,Two Minds,NERO,drum-and-bass,3
User097,Gratidão - Ao Vivo,Ministério Adoração e Vida,brazil,1
User097,Bailar (feat. Pitbull & Elvis Crespo),Deorro;Pitbull;Elvis Crespo,progressive-house,3
User097,Fazendo a Cabeça,Planet Hemp,brazil,1
User097,Bu Aşk Olur Mu,MFÖ,j-rock,4
User097,What A Beautiful Name,Hillsong Worship;Brooke Ligertwood,world-music,1
User097,Paniolo,Moses Kahumoku,guitar,2
User097,Verrotted - Original Mix,Charly Lownoise & Mental Theo,happy,5
User097,Lighthouses - Ambient Version,Felix Werner,sleep,2
User097,Caramel Delight,"Sarah, the Illstrumentalist",study,2
User097,What's the Use?,Mac Miller,hip-hop,2
User097,De Vuelta y Media,Roberto Grela,tango,2
User097,Naadan Vibe (Vip Mix),Ribin Richard;ThirumaLi,malay,3
User097,Live By The Hook - Original Broadway Cast Recording,Kelsey Grammer,show-tunes,4
User097,I Didn't Know,The Infamous Stringdusters,bluegrass,5
User097,I AM THE JOKER,Boris Brejcha,minimal-techno,1
User097,(I Want to Join A) Biker Gang,The Magnetic Fields,club,1
User097,Goodie Bag,Still Woozy,indie-pop,4
User097,180 Grad - 2006,Michael Wendler,party,2
User097,Divide and Conquer,Prong,industrial,2
User097,Kill Me Better,Don Diablo;Imanbek;Trevor Daniel,progressive-house,5
User097,Faith in Me,Calibre,iranian,1
User097,Think (About It) - Spen & Thommy’s Summer Of Dub Mix,Barbara Tucker;DJ Spen;Thommy Davis,chicago-house,2
User097,Un Año Más (En Vivo),Ana Torroja;90´s Pop Tour;Sentidos Opuestos;Lynda;Benny;Kabah;JNS;Erik Rubin;Magneto,spanish,3
User097,你有自己一套 - Live at EasON AIR,Eason Chan,cantopop,5
User097,Blame It on Me,George Ezra,singer-songwriter,3
User098,Me Enamoré En La Cola De Las Torillas,Los Estramboticos,ska,3
User098,Hai Jaana Hai Jaana,Sujatha,malay,4
User098,"Turkey In The Straw (from ""Steamboat Willie"")",Mickey Mouse;Goofy,disney,4
User098,Isaiah (The Willing),For Today,death-metal,3
User098,Heute Nacht für immer - Partymix,Maite Kelly,german,4
User098,Norwegian Wood (This Bird Has Flown) - Remastered 2009,The Beatles,british,3
User098,Efter plugget,Factory,swedish,2
User098,More - 2001 Digital Remaster,Bobby Darin,rock-n-roll,4
User098,Bakı - 1960,Rashid Beibutov,romance,3
User098,This Is What You Get,John Lindberg Trio,rockabilly,5
User098,Å vi e AIK,Olle Ljungström;Niklas Strömstedt;Robert Broberg;Dogge Doggelito;Patrik Isaksson;Helena af Sandeberg;César Vidal;Fjodor;Camilla Henemark;Patrik Arve (Swedish Tiger),swedish,5
User098,Ente Daivam Swarga,Sadhu Kochu Kunju Upadesi,malay,4
User098,İHTİRAS,Şam,turkish,5
User098,Sueños de Plata,Monjes Tibetanos,world-music,1
User098,Gettin' High,Muck Sticky,comedy,1
User098,Make A Wish,Conjure One;Rhys Fulber,new-age,5
User098,O Fora,Léo Magalhães,forro,3
User098,Bereft,Despise You,grindcore,5
User098,Cobaine,Jebroer,hardstyle,5
User098,Jet Lag,Gavin Haley,chill,5
User098,Heehaw Stomp,The Growlers,garage,3
User098,İyiki Doğmuşsun,Yasir Miy,turkish,3
User098,The Girl I Have a Crush On,frad,anime,1
User098,Time's Edge,Toxic Holocaust,black-metal,4
User098,O skok (repryza 2),Marcin Franc,disney,1
User098,ghost boy,Lil Peep,emo,3
User098,Le testament,Georges Brassens,french,3
User098,箱子,Mixer,mandopop,3
User098,Get Get Down - Jeziel Quintela Remix,Paul Johnson;Jeziel Quintela,chicago-house,3
User098,Life Time Warranty,Cyberbully Mom Club,garage,3
User098,Décollage,Thievery Corporation;Lou Lou Gehlickhani,trip-hop,3
User098,Boeren,DJ Maurice,hardstyle,2
User098,Przyjaciele Z Zaswiatów,Wojciech Paszkowski,disney,2
User098,Hop Little Bunny,Mister Rhythm,kids,5
User098,忽然之間,Karen Mok,cantopop,2
User098,It Ruff,Busy Signal,j-dance,1
User098,お願いヴァレンティヌ,HKT48,j-idol,5
User098,A Mensagem da Cruz,Gabriel Brito,gospel,4
User098,Rani,MALFNKTION,electronic,3
User098,Veracruz,Mike Laure,rock-n-roll,2
User098,Thare Vaaste,Divya Kumar,folk,1
User098,Muskurane - Romantic,Jeet Gannguli;Arijit Singh,pop-film,4
User098,Tightrope of Love,Chatham County Line,bluegrass,3
User098,Warmness On The Soul,Avenged Sevenfold,metal,3
User098,Thinking Of You,Grandmaster Slice,kids,4
User098,"Hymn to the Sea (From ""Titanic"")",Jacob's Piano,new-age,4
User098,Calm Down,Krewella,dub,4
User098,Ô Morena,Japãozin,forro,1
User098,Let You Go,Vall;Loé,deep-house,5
User098,Frontline,OAFF;Lothika,indian,5
User099,Earth Is A Black Hole,Teenage Wrist,grunge,3
User099,Lethargy,Limbo Slice,club,2
User099,Love Me Two Times,The Doors,psych-rock,5
User099,Bola de Haxixe,UCLÃ;Major RD;Sos,brazil,4
User099,Fading Sun - Live,Eulogy,death-metal,3
User099,The Rope (feat. POLIÇA),Lane 8,progressive-house,5
User099,Get Kinky,Plump DJs,breakbeat,3
User099,スローモ,Kyary Pamyu Pamyu,j-idol,2
User099,Cloak & Dagger (feat. J Hus),Burna Boy;J Hus,dancehall,5
User099,The Lonely Goatherd,Julie Andrews;Charmian Carr;Heather Menzies;Nicholas Hammond;Duane Chase;Angela Cartwright;Debbie Turner;Kym Karath,show-tunes,2
User099,ズッ友案件,=LOVE,j-idol,3
User099,Chasing Love (Blake Leisurely Remix),Colour Castle;Ruby Turner;Blake Leisurely,deep-house,1
User099,Time - Alan Walker Remix,Alan Walker;Hans Zimmer,house,4
User099,Svartmalt,Mork,black-metal,2
User099,Wie der Wind wehst Du mir in's Gesicht - Originalversion,Brunner & Brunner,disco,3
User099,Party On My Mind,KK;Shefali Alvares;Yo Yo Honey Singh;Pritam,pop-film,5
User099,Ma Cherie Bon Bon,The Minds Of 99,punk-rock,2
User099,The Boogie Man,The Jackson 5,soul,3
User099,Sonate V Opus 236 Pour Violoncelle Et Piano - 3ème Mouvement,Alireza Mashayekhi;Marie-Thérèse Grisenti;Marc Vitantonio;Duo Grisenti Vitantonio,iranian,1
User099,Hitam Putih Dunia,Rocket Rockers,punk-rock,2
User099,We Found Your Weakness,Re-Fuzz;D-Ceptor,hardcore,3
User099,Iayyayo,Manikka Vinayagam;Krishnaraj;Yuvan Shankar Raja;Shreya Ghoshal,indian,2
User099,Goodness of God - Live,Bethel Music;Jenn Johnson,ambient,3
User099,Real Love,Clean Bandit;Jess Glynne,edm,4
User099,多情多怨嘆,王瑞霞,mandopop,3
User099,Direction VIP,Wilkinson,drum-and-bass,3
User099,Silent Spring,Massive Attack,trip-hop,3
User099,Ruhum Boğaziçi,TNK,turkish,5
User099,Walk Through the Fire,Zayde Wølf;Ruelle,blues,3
User099,A Fallen Rose,Absolute Valentine,club,4
User099,Pine Green,Moodula,study,1
User099,Misery Loves Company,Suburban Scum,hardcore,4
User099,Broken Ones (with Anna Clendening),ILLENIUM;Anna Clendening,dub,1
User099,Chiru Chiru,Yuvan Shankar Raja;Haricharan;Sagar Desai,k-pop,5
User099,REMINISCE,Hardwell;Lee Grant,progressive-house,5
User099,Beach at Midnight,Almo X,study,5
User100,Ni Jana,Jasleen Royal;TM Bax;Radhika Madan,indian,4
User100,Castle Down a Dirt Road,The Magnetic Fields,club,2
User100,At What Cost,Alec Troniq,minimal-techno,5
User100,Shattered,Glass Spells,goth,1
User100,Hagamos Las Paces,Jd Pantoja,reggae,4
User100,Desenvolvendo Amor,MORADA,reggae,5
User100,On & On - Original Mega,Jesse Saunders,chicago-house,3
User100,"Recomposed By Max Richter: Vivaldi, The Four Seasons: Winter 2 - 2012",Max Richter;Daniel Hope;Konzerthaus Kammerorchester Berlin;Andre de Ridder,ambient,4
User100,Lovers on the Sun (feat. Sam Martin),David Guetta;Sam Martin,edm,1
User100,Behemoth VIP,SVDDEN DEATH,dub,2
User100,Lust auf Leben,Höhner,party,2
User100,Dil Hai Ki Manta Nahin,Anuradha Paudwal;Kumar Sanu,k-pop,2
User100,New Slang,Luke Sital-Singh,british,3
User100,Weed Settingz,Popcaan;Louie Vito,j-dance,4
User100,Hostilidades - En Vivo,Panteon Rococo,ska,5
User100,Just a Crush,The Pine Box Boys,goth,4
User100,#おふしょるにっと,≠ME,j-idol,2
User100,The Great Hunter,Yoth Iria,black-metal,3
User100,If You're Over Me,Years & Years,edm,2
User100,Mallorca Mallorca (Moviestar) - Oktoberfest Wiesn Mix,Axel Fischer,party,1
User100,Vazhiyarikil,Kester,malay,4
User100,"Dear Depression,",Presence,chill,3
User100,Brinner in the shit,Håkan Hellström,goth,2
User100,Unguided,The New Pornographers,power-pop,3
User100,"Na Kajare Ki Dhar, Pt. 1 (With Jhankar Beats)",Pankaj Udhas,pop-film,1
User100,Kardeşin Duymaz,Zülfü Livaneli,j-rock,1
User100,Telenovela,Papa Topo;La Prohibida,spanish,4
User100,Pode Chegar (feat. Ferrugem),Quinteto S.A.;Ferrugem,pagode,3
User100,Arcade Mammoth,Dimitri Vegas & Like Mike;W&W;MOGUAI,progressive-house,2
User100,Seven Continents,Hopscotch Songs,children,2
User100,Disappointment (feat. Rxseboy),Sarcastic Sounds;Rxseboy,chill,5
User100,No Me Trates Mal,Estela Nuñez,rock-n-roll,2
